id,firstname,lastname,email,email2,profession
100,Cyb,Gilmour,Cyb.Gilmour@yopmail.com,Cyb.Gilmour@gmail.com,police officer
101,Cecile,Edvard,Cecile.Edvard@yopmail.com,Cecile.Edvard@gmail.com,worker
102,Valeda,Santoro,Valeda.Santoro@yopmail.com,Valeda.Santoro@gmail.com,doctor
103,Mariele,Harl,Mariele.Harl@yopmail.com,Mariele.Harl@gmail.com,doctor
104,Sarette,Posner,Sarette.Posner@yopmail.com,Sarette.Posner@gmail.com,developer
105,Jemie,Shelba,Jemie.Shelba@yopmail.com,Jemie.Shelba@gmail.com,worker
106,Selia,Ulphia,Selia.Ulphia@yopmail.com,Selia.Ulphia@gmail.com,doctor
107,Randa,Marsden,Randa.Marsden@yopmail.com,Randa.Marsden@gmail.com,firefighter
108,Elise,Niccolo,Elise.Niccolo@yopmail.com,Elise.Niccolo@gmail.com,doctor
109,Katharina,Hedve,Katharina.Hedve@yopmail.com,Katharina.Hedve@gmail.com,developer
110,Annaliese,Taam,Annaliese.Taam@yopmail.com,Annaliese.Taam@gmail.com,firefighter
111,Carilyn,Vastah,Carilyn.Vastah@yopmail.com,Carilyn.Vastah@gmail.com,police officer
112,Letizia,Erlandson,Letizia.Erlandson@yopmail.com,Letizia.Erlandson@gmail.com,police officer
113,Nikki,McClimans,Nikki.McClimans@yopmail.com,Nikki.McClimans@gmail.com,worker
114,Elsie,Herrera,Elsie.Herrera@yopmail.com,Elsie.Herrera@gmail.com,developer
115,Shaylyn,Bord,Shaylyn.Bord@yopmail.com,Shaylyn.Bord@gmail.com,police officer
116,Madeleine,Sprage,Madeleine.Sprage@yopmail.com,Madeleine.Sprage@gmail.com,doctor
117,Darci,Roarke,Darci.Roarke@yopmail.com,Darci.Roarke@gmail.com,developer
118,Fred,Phaidra,Fred.Phaidra@yopmail.com,Fred.Phaidra@gmail.com,doctor
119,Ketti,Goldina,Ketti.Goldina@yopmail.com,Ketti.Goldina@gmail.com,worker
120,Steffane,Nea,Steffane.Nea@yopmail.com,Steffane.Nea@gmail.com,doctor
121,Jsandye,Ambrosia,Jsandye.Ambrosia@yopmail.com,Jsandye.Ambrosia@gmail.com,police officer
122,Rochette,Helve,Rochette.Helve@yopmail.com,Rochette.Helve@gmail.com,doctor
123,Fernande,Ochs,Fernande.Ochs@yopmail.com,Fernande.Ochs@gmail.com,doctor
124,Britte,Hortensia,Britte.Hortensia@yopmail.com,Britte.Hortensia@gmail.com,developer
125,Lynea,Selway,Lynea.Selway@yopmail.com,Lynea.Selway@gmail.com,worker
126,Kenna,Kendrick,Kenna.Kendrick@yopmail.com,Kenna.Kendrick@gmail.com,worker
127,Doralynne,Liva,Doralynne.Liva@yopmail.com,Doralynne.Liva@gmail.com,doctor
128,Tracey,Bollay,Tracey.Bollay@yopmail.com,Tracey.Bollay@gmail.com,doctor
129,Violet,Sallyann,Violet.Sallyann@yopmail.com,Violet.Sallyann@gmail.com,worker
130,Lita,Stoller,Lita.Stoller@yopmail.com,Lita.Stoller@gmail.com,firefighter
131,Adore,Mayeda,Adore.Mayeda@yopmail.com,Adore.Mayeda@gmail.com,developer
132,Oralee,Fleeta,Oralee.Fleeta@yopmail.com,Oralee.Fleeta@gmail.com,doctor
133,Bobinette,Swanhildas,Bobinette.Swanhildas@yopmail.com,Bobinette.Swanhildas@gmail.com,worker
134,Devina,Lareena,Devina.Lareena@yopmail.com,Devina.Lareena@gmail.com,developer
135,Annice,Taima,Annice.Taima@yopmail.com,Annice.Taima@gmail.com,developer
136,Roseline,Hortensia,Roseline.Hortensia@yopmail.com,Roseline.Hortensia@gmail.com,doctor
137,Mady,Jehu,Mady.Jehu@yopmail.com,Mady.Jehu@gmail.com,worker
138,Ruthe,Rillings,Ruthe.Rillings@yopmail.com,Ruthe.Rillings@gmail.com,developer
139,Clarice,Zeeba,Clarice.Zeeba@yopmail.com,Clarice.Zeeba@gmail.com,worker
140,Charmaine,Bluh,Charmaine.Bluh@yopmail.com,Charmaine.Bluh@gmail.com,police officer
141,Petronia,Riordan,Petronia.Riordan@yopmail.com,Petronia.Riordan@gmail.com,developer
142,Wilma,Maples,Wilma.Maples@yopmail.com,Wilma.Maples@gmail.com,doctor
143,Danny,Jeanne,Danny.Jeanne@yopmail.com,Danny.Jeanne@gmail.com,worker
144,Dania,Henebry,Dania.Henebry@yopmail.com,Dania.Henebry@gmail.com,developer
145,Lila,Willie,Lila.Willie@yopmail.com,Lila.Willie@gmail.com,firefighter
146,Sara-Ann,Si,Sara-Ann.Si@yopmail.com,Sara-Ann.Si@gmail.com,police officer
147,Augustine,Myrilla,Augustine.Myrilla@yopmail.com,Augustine.Myrilla@gmail.com,doctor
148,Arabel,Ahab,Arabel.Ahab@yopmail.com,Arabel.Ahab@gmail.com,firefighter
149,Maridel,Ball,Maridel.Ball@yopmail.com,Maridel.Ball@gmail.com,developer
150,Aili,Penelopa,Aili.Penelopa@yopmail.com,Aili.Penelopa@gmail.com,police officer
151,Nariko,Egbert,Nariko.Egbert@yopmail.com,Nariko.Egbert@gmail.com,worker
152,Ardeen,Shirberg,Ardeen.Shirberg@yopmail.com,Ardeen.Shirberg@gmail.com,doctor
153,Gabriellia,Sophronia,Gabriellia.Sophronia@yopmail.com,Gabriellia.Sophronia@gmail.com,worker
154,Dotty,Kaete,Dotty.Kaete@yopmail.com,Dotty.Kaete@gmail.com,worker
155,Angela,Kare,Angela.Kare@yopmail.com,Angela.Kare@gmail.com,police officer
156,Sharai,Goldina,Sharai.Goldina@yopmail.com,Sharai.Goldina@gmail.com,firefighter
157,Jsandye,Valerio,Jsandye.Valerio@yopmail.com,Jsandye.Valerio@gmail.com,doctor
158,Shauna,Greenwald,Shauna.Greenwald@yopmail.com,Shauna.Greenwald@gmail.com,developer
159,Layla,Wenda,Layla.Wenda@yopmail.com,Layla.Wenda@gmail.com,doctor
160,Lonnie,Lissi,Lonnie.Lissi@yopmail.com,Lonnie.Lissi@gmail.com,worker
161,Gilda,Stevy,Gilda.Stevy@yopmail.com,Gilda.Stevy@gmail.com,developer
162,Noelle,Olnee,Noelle.Olnee@yopmail.com,Noelle.Olnee@gmail.com,worker
163,Viviene,Girardo,Viviene.Girardo@yopmail.com,Viviene.Girardo@gmail.com,firefighter
164,Gratia,Abram,Gratia.Abram@yopmail.com,Gratia.Abram@gmail.com,doctor
165,Starla,Loeb,Starla.Loeb@yopmail.com,Starla.Loeb@gmail.com,developer
166,Queenie,Winnick,Queenie.Winnick@yopmail.com,Queenie.Winnick@gmail.com,doctor
167,Emilia,Wittie,Emilia.Wittie@yopmail.com,Emilia.Wittie@gmail.com,police officer
168,Shell,Haldas,Shell.Haldas@yopmail.com,Shell.Haldas@gmail.com,doctor
169,Shell,Juan,Shell.Juan@yopmail.com,Shell.Juan@gmail.com,worker
170,Katharina,Torray,Katharina.Torray@yopmail.com,Katharina.Torray@gmail.com,firefighter
171,Georgetta,Aprile,Georgetta.Aprile@yopmail.com,Georgetta.Aprile@gmail.com,doctor
172,Brooks,Daniele,Brooks.Daniele@yopmail.com,Brooks.Daniele@gmail.com,developer
173,Madelle,Eugenia,Madelle.Eugenia@yopmail.com,Madelle.Eugenia@gmail.com,firefighter
174,Rani,Hewitt,Rani.Hewitt@yopmail.com,Rani.Hewitt@gmail.com,developer
175,Tina,Narton,Tina.Narton@yopmail.com,Tina.Narton@gmail.com,firefighter
176,Elsie,Edee,Elsie.Edee@yopmail.com,Elsie.Edee@gmail.com,doctor
177,Aili,Alarise,Aili.Alarise@yopmail.com,Aili.Alarise@gmail.com,police officer
178,Nonnah,Stav,Nonnah.Stav@yopmail.com,Nonnah.Stav@gmail.com,worker
179,Joane,Guthrie,Joane.Guthrie@yopmail.com,Joane.Guthrie@gmail.com,doctor
180,Aeriela,My,Aeriela.My@yopmail.com,Aeriela.My@gmail.com,doctor
181,Lynea,Urania,Lynea.Urania@yopmail.com,Lynea.Urania@gmail.com,doctor
182,Norine,Glenden,Norine.Glenden@yopmail.com,Norine.Glenden@gmail.com,worker
183,Joelly,Gherardo,Joelly.Gherardo@yopmail.com,Joelly.Gherardo@gmail.com,developer
184,Correy,Hazlett,Correy.Hazlett@yopmail.com,Correy.Hazlett@gmail.com,developer
185,Laure,Urias,Laure.Urias@yopmail.com,Laure.Urias@gmail.com,police officer
186,Leona,Maxi,Leona.Maxi@yopmail.com,Leona.Maxi@gmail.com,firefighter
187,Concettina,Sallyann,Concettina.Sallyann@yopmail.com,Concettina.Sallyann@gmail.com,doctor
188,Norine,Alfons,Norine.Alfons@yopmail.com,Norine.Alfons@gmail.com,worker
189,Carmencita,Hessler,Carmencita.Hessler@yopmail.com,Carmencita.Hessler@gmail.com,police officer
190,Ninnetta,Rona,Ninnetta.Rona@yopmail.com,Ninnetta.Rona@gmail.com,worker
191,Libbie,Friede,Libbie.Friede@yopmail.com,Libbie.Friede@gmail.com,doctor
192,Dede,Drisko,Dede.Drisko@yopmail.com,Dede.Drisko@gmail.com,worker
193,Kerrin,Morrill,Kerrin.Morrill@yopmail.com,Kerrin.Morrill@gmail.com,police officer
194,Paola,Sprage,Paola.Sprage@yopmail.com,Paola.Sprage@gmail.com,worker
195,Heida,Thar,Heida.Thar@yopmail.com,Heida.Thar@gmail.com,firefighter
196,Jere,Sadowski,Jere.Sadowski@yopmail.com,Jere.Sadowski@gmail.com,firefighter
197,Elsie,Fredi,Elsie.Fredi@yopmail.com,Elsie.Fredi@gmail.com,developer
198,Cathie,Alejoa,Cathie.Alejoa@yopmail.com,Cathie.Alejoa@gmail.com,worker
199,Emelina,Tound,Emelina.Tound@yopmail.com,Emelina.Tound@gmail.com,police officer
200,Gilligan,Egbert,Gilligan.Egbert@yopmail.com,Gilligan.Egbert@gmail.com,worker
201,Vinita,Elvyn,Vinita.Elvyn@yopmail.com,Vinita.Elvyn@gmail.com,worker
202,Alisha,Boehike,Alisha.Boehike@yopmail.com,Alisha.Boehike@gmail.com,worker
203,Ellette,Henebry,Ellette.Henebry@yopmail.com,Ellette.Henebry@gmail.com,firefighter
204,Katharina,Cutlerr,Katharina.Cutlerr@yopmail.com,Katharina.Cutlerr@gmail.com,developer
205,Juliane,Clara,Juliane.Clara@yopmail.com,Juliane.Clara@gmail.com,worker
206,Bee,Salchunas,Bee.Salchunas@yopmail.com,Bee.Salchunas@gmail.com,firefighter
207,Aimil,Wareing,Aimil.Wareing@yopmail.com,Aimil.Wareing@gmail.com,worker
208,Rori,Birdella,Rori.Birdella@yopmail.com,Rori.Birdella@gmail.com,police officer
209,Kary,Susannah,Kary.Susannah@yopmail.com,Kary.Susannah@gmail.com,worker
210,Dorthy,Annice,Dorthy.Annice@yopmail.com,Dorthy.Annice@gmail.com,police officer
211,Korrie,Carmena,Korrie.Carmena@yopmail.com,Korrie.Carmena@gmail.com,doctor
212,Cherrita,Libna,Cherrita.Libna@yopmail.com,Cherrita.Libna@gmail.com,developer
213,Gerianna,Sidonius,Gerianna.Sidonius@yopmail.com,Gerianna.Sidonius@gmail.com,developer
214,Karly,Kirstin,Karly.Kirstin@yopmail.com,Karly.Kirstin@gmail.com,worker
215,Merrie,Ochs,Merrie.Ochs@yopmail.com,Merrie.Ochs@gmail.com,doctor
216,Tobe,Justinn,Tobe.Justinn@yopmail.com,Tobe.Justinn@gmail.com,police officer
217,Jillayne,Amasa,Jillayne.Amasa@yopmail.com,Jillayne.Amasa@gmail.com,developer
218,Mariele,Rese,Mariele.Rese@yopmail.com,Mariele.Rese@gmail.com,developer
219,Oona,Lilybelle,Oona.Lilybelle@yopmail.com,Oona.Lilybelle@gmail.com,police officer
220,Lilith,Bultman,Lilith.Bultman@yopmail.com,Lilith.Bultman@gmail.com,police officer
221,Penelopa,Dermott,Penelopa.Dermott@yopmail.com,Penelopa.Dermott@gmail.com,developer
222,Darlleen,Delacourt,Darlleen.Delacourt@yopmail.com,Darlleen.Delacourt@gmail.com,developer
223,Sam,Louanna,Sam.Louanna@yopmail.com,Sam.Louanna@gmail.com,police officer
224,Emelina,Stuart,Emelina.Stuart@yopmail.com,Emelina.Stuart@gmail.com,developer
225,Demetris,Gualtiero,Demetris.Gualtiero@yopmail.com,Demetris.Gualtiero@gmail.com,worker
226,Joceline,Tamsky,Joceline.Tamsky@yopmail.com,Joceline.Tamsky@gmail.com,developer
227,Daryl,Gerge,Daryl.Gerge@yopmail.com,Daryl.Gerge@gmail.com,worker
228,Beth,Genna,Beth.Genna@yopmail.com,Beth.Genna@gmail.com,doctor
229,Jere,Abbot,Jere.Abbot@yopmail.com,Jere.Abbot@gmail.com,developer
230,Merrie,Freddi,Merrie.Freddi@yopmail.com,Merrie.Freddi@gmail.com,police officer
231,Gavrielle,Montgomery,Gavrielle.Montgomery@yopmail.com,Gavrielle.Montgomery@gmail.com,developer
232,Max,Audly,Max.Audly@yopmail.com,Max.Audly@gmail.com,worker
233,Rosanne,Diann,Rosanne.Diann@yopmail.com,Rosanne.Diann@gmail.com,worker
234,Amii,Waite,Amii.Waite@yopmail.com,Amii.Waite@gmail.com,worker
235,Edith,Lenny,Edith.Lenny@yopmail.com,Edith.Lenny@gmail.com,developer
236,Lonnie,Goode,Lonnie.Goode@yopmail.com,Lonnie.Goode@gmail.com,doctor
237,Edyth,Corilla,Edyth.Corilla@yopmail.com,Edyth.Corilla@gmail.com,doctor
238,Zia,Berriman,Zia.Berriman@yopmail.com,Zia.Berriman@gmail.com,police officer
239,Donetta,Suanne,Donetta.Suanne@yopmail.com,Donetta.Suanne@gmail.com,police officer
240,Randa,Cookie,Randa.Cookie@yopmail.com,Randa.Cookie@gmail.com,developer
241,Tani,Barbey,Tani.Barbey@yopmail.com,Tani.Barbey@gmail.com,police officer
242,Brana,Olympium,Brana.Olympium@yopmail.com,Brana.Olympium@gmail.com,police officer
243,Valeda,Grayce,Valeda.Grayce@yopmail.com,Valeda.Grayce@gmail.com,police officer
244,Karena,Ashely,Karena.Ashely@yopmail.com,Karena.Ashely@gmail.com,developer
245,Fred,Eben,Fred.Eben@yopmail.com,Fred.Eben@gmail.com,worker
246,Ileana,Pettiford,Ileana.Pettiford@yopmail.com,Ileana.Pettiford@gmail.com,police officer
247,Audrie,Palocz,Audrie.Palocz@yopmail.com,Audrie.Palocz@gmail.com,police officer
248,Tina,Belanger,Tina.Belanger@yopmail.com,Tina.Belanger@gmail.com,worker
249,Starla,Cloris,Starla.Cloris@yopmail.com,Starla.Cloris@gmail.com,worker
250,Hettie,Zachary,Hettie.Zachary@yopmail.com,Hettie.Zachary@gmail.com,doctor
251,Fawne,Nickola,Fawne.Nickola@yopmail.com,Fawne.Nickola@gmail.com,firefighter
252,Alex,Vorster,Alex.Vorster@yopmail.com,Alex.Vorster@gmail.com,firefighter
253,Anica,Andrel,Anica.Andrel@yopmail.com,Anica.Andrel@gmail.com,developer
254,Ninnetta,Alisia,Ninnetta.Alisia@yopmail.com,Ninnetta.Alisia@gmail.com,doctor
255,Adelle,Alwin,Adelle.Alwin@yopmail.com,Adelle.Alwin@gmail.com,police officer
256,Viviene,Orpah,Viviene.Orpah@yopmail.com,Viviene.Orpah@gmail.com,firefighter
257,Tori,Emmaline,Tori.Emmaline@yopmail.com,Tori.Emmaline@gmail.com,firefighter
258,Sibella,Gamaliel,Sibella.Gamaliel@yopmail.com,Sibella.Gamaliel@gmail.com,worker
259,Gabi,Gaal,Gabi.Gaal@yopmail.com,Gabi.Gaal@gmail.com,developer
260,Emilia,Strephon,Emilia.Strephon@yopmail.com,Emilia.Strephon@gmail.com,firefighter
261,Gwenneth,Germann,Gwenneth.Germann@yopmail.com,Gwenneth.Germann@gmail.com,developer
262,Flory,Knowling,Flory.Knowling@yopmail.com,Flory.Knowling@gmail.com,developer
263,Helena,Corilla,Helena.Corilla@yopmail.com,Helena.Corilla@gmail.com,worker
264,Patricia,McGrody,Patricia.McGrody@yopmail.com,Patricia.McGrody@gmail.com,worker
265,Gusella,Salchunas,Gusella.Salchunas@yopmail.com,Gusella.Salchunas@gmail.com,firefighter
266,Barbara,Lauraine,Barbara.Lauraine@yopmail.com,Barbara.Lauraine@gmail.com,doctor
267,Brooks,McGrody,Brooks.McGrody@yopmail.com,Brooks.McGrody@gmail.com,doctor
268,Deirdre,Janene,Deirdre.Janene@yopmail.com,Deirdre.Janene@gmail.com,developer
269,Britni,Afton,Britni.Afton@yopmail.com,Britni.Afton@gmail.com,police officer
270,Zaria,Yorick,Zaria.Yorick@yopmail.com,Zaria.Yorick@gmail.com,worker
271,Kial,Kress,Kial.Kress@yopmail.com,Kial.Kress@gmail.com,doctor
272,Gloria,Kenney,Gloria.Kenney@yopmail.com,Gloria.Kenney@gmail.com,firefighter
273,Raf,Deegan,Raf.Deegan@yopmail.com,Raf.Deegan@gmail.com,doctor
274,Kathy,Firmin,Kathy.Firmin@yopmail.com,Kathy.Firmin@gmail.com,doctor
275,Tani,Marijo,Tani.Marijo@yopmail.com,Tani.Marijo@gmail.com,worker
276,Jsandye,Olin,Jsandye.Olin@yopmail.com,Jsandye.Olin@gmail.com,doctor
277,Gretal,Suk,Gretal.Suk@yopmail.com,Gretal.Suk@gmail.com,worker
278,Dagmar,Ammann,Dagmar.Ammann@yopmail.com,Dagmar.Ammann@gmail.com,worker
279,Carmela,Thema,Carmela.Thema@yopmail.com,Carmela.Thema@gmail.com,doctor
280,Marika,Danby,Marika.Danby@yopmail.com,Marika.Danby@gmail.com,developer
281,Jorry,Bronk,Jorry.Bronk@yopmail.com,Jorry.Bronk@gmail.com,developer
282,Gilda,Fleeta,Gilda.Fleeta@yopmail.com,Gilda.Fleeta@gmail.com,firefighter
283,Olwen,Rheingold,Olwen.Rheingold@yopmail.com,Olwen.Rheingold@gmail.com,doctor
284,Ninnetta,Zitvaa,Ninnetta.Zitvaa@yopmail.com,Ninnetta.Zitvaa@gmail.com,worker
285,Vonny,Toffic,Vonny.Toffic@yopmail.com,Vonny.Toffic@gmail.com,firefighter
286,Brena,Romelda,Brena.Romelda@yopmail.com,Brena.Romelda@gmail.com,police officer
287,Dorene,Lauraine,Dorene.Lauraine@yopmail.com,Dorene.Lauraine@gmail.com,police officer
288,Belinda,Mandler,Belinda.Mandler@yopmail.com,Belinda.Mandler@gmail.com,doctor
289,Jere,Bohlin,Jere.Bohlin@yopmail.com,Jere.Bohlin@gmail.com,police officer
290,Rani,Lutero,Rani.Lutero@yopmail.com,Rani.Lutero@gmail.com,developer
291,Leona,Pitt,Leona.Pitt@yopmail.com,Leona.Pitt@gmail.com,developer
292,Loree,Kelula,Loree.Kelula@yopmail.com,Loree.Kelula@gmail.com,doctor
293,Berta,Katrine,Berta.Katrine@yopmail.com,Berta.Katrine@gmail.com,doctor
294,Ulrike,Carri,Ulrike.Carri@yopmail.com,Ulrike.Carri@gmail.com,firefighter
295,Pierette,Belldas,Pierette.Belldas@yopmail.com,Pierette.Belldas@gmail.com,doctor
296,Tilly,Vernier,Tilly.Vernier@yopmail.com,Tilly.Vernier@gmail.com,doctor
297,Brynna,Elbertina,Brynna.Elbertina@yopmail.com,Brynna.Elbertina@gmail.com,developer
298,Louella,Honoria,Louella.Honoria@yopmail.com,Louella.Honoria@gmail.com,developer
299,Hyacinthe,Herrera,Hyacinthe.Herrera@yopmail.com,Hyacinthe.Herrera@gmail.com,firefighter
300,Tersina,Nickola,Tersina.Nickola@yopmail.com,Tersina.Nickola@gmail.com,doctor
301,Blinni,Ardra,Blinni.Ardra@yopmail.com,Blinni.Ardra@gmail.com,doctor
302,Albertina,Llovera,Albertina.Llovera@yopmail.com,Albertina.Llovera@gmail.com,police officer
303,Deane,Tristram,Deane.Tristram@yopmail.com,Deane.Tristram@gmail.com,developer
304,Clementine,Graig,Clementine.Graig@yopmail.com,Clementine.Graig@gmail.com,doctor
305,Nariko,Zenas,Nariko.Zenas@yopmail.com,Nariko.Zenas@gmail.com,worker
306,Giustina,Han,Giustina.Han@yopmail.com,Giustina.Han@gmail.com,police officer
307,Jordan,Bigner,Jordan.Bigner@yopmail.com,Jordan.Bigner@gmail.com,doctor
308,Ellette,Leary,Ellette.Leary@yopmail.com,Ellette.Leary@gmail.com,doctor
309,Dotty,Berne,Dotty.Berne@yopmail.com,Dotty.Berne@gmail.com,firefighter
310,Evaleen,Florina,Evaleen.Florina@yopmail.com,Evaleen.Florina@gmail.com,worker
311,Mellicent,Bluh,Mellicent.Bluh@yopmail.com,Mellicent.Bluh@gmail.com,developer
312,Carmencita,Demitria,Carmencita.Demitria@yopmail.com,Carmencita.Demitria@gmail.com,worker
313,Shirlee,Revkah,Shirlee.Revkah@yopmail.com,Shirlee.Revkah@gmail.com,firefighter
314,Coral,Colbert,Coral.Colbert@yopmail.com,Coral.Colbert@gmail.com,developer
315,Mignon,Lory,Mignon.Lory@yopmail.com,Mignon.Lory@gmail.com,developer
316,Jinny,Kunin,Jinny.Kunin@yopmail.com,Jinny.Kunin@gmail.com,police officer
317,Annaliese,Wooster,Annaliese.Wooster@yopmail.com,Annaliese.Wooster@gmail.com,developer
318,Ardeen,Jehu,Ardeen.Jehu@yopmail.com,Ardeen.Jehu@gmail.com,firefighter
319,Korrie,Jerald,Korrie.Jerald@yopmail.com,Korrie.Jerald@gmail.com,firefighter
320,Hollie,Iiette,Hollie.Iiette@yopmail.com,Hollie.Iiette@gmail.com,police officer
321,Karina,Ummersen,Karina.Ummersen@yopmail.com,Karina.Ummersen@gmail.com,police officer
322,Ursulina,Sharl,Ursulina.Sharl@yopmail.com,Ursulina.Sharl@gmail.com,doctor
323,Dominga,Destinee,Dominga.Destinee@yopmail.com,Dominga.Destinee@gmail.com,developer
324,Suzette,Bonucci,Suzette.Bonucci@yopmail.com,Suzette.Bonucci@gmail.com,worker
325,Sue,Leary,Sue.Leary@yopmail.com,Sue.Leary@gmail.com,police officer
326,Carilyn,Adalbert,Carilyn.Adalbert@yopmail.com,Carilyn.Adalbert@gmail.com,police officer
327,Lucy,Adrienne,Lucy.Adrienne@yopmail.com,Lucy.Adrienne@gmail.com,developer
328,Joelly,Kussell,Joelly.Kussell@yopmail.com,Joelly.Kussell@gmail.com,doctor
329,Allis,Tryck,Allis.Tryck@yopmail.com,Allis.Tryck@gmail.com,police officer
330,Nollie,Magdalen,Nollie.Magdalen@yopmail.com,Nollie.Magdalen@gmail.com,worker
331,Emelina,Zaslow,Emelina.Zaslow@yopmail.com,Emelina.Zaslow@gmail.com,developer
332,Nonnah,Bartlett,Nonnah.Bartlett@yopmail.com,Nonnah.Bartlett@gmail.com,developer
333,Fanchon,Helve,Fanchon.Helve@yopmail.com,Fanchon.Helve@gmail.com,worker
334,Kate,Himelman,Kate.Himelman@yopmail.com,Kate.Himelman@gmail.com,developer
335,Phylis,Bultman,Phylis.Bultman@yopmail.com,Phylis.Bultman@gmail.com,police officer
336,Dagmar,Jammal,Dagmar.Jammal@yopmail.com,Dagmar.Jammal@gmail.com,police officer
337,Cherilyn,O'Rourke,Cherilyn.O'Rourke@yopmail.com,Cherilyn.O'Rourke@gmail.com,firefighter
338,Leeanne,Tarrant,Leeanne.Tarrant@yopmail.com,Leeanne.Tarrant@gmail.com,police officer
339,Emmey,Hillel,Emmey.Hillel@yopmail.com,Emmey.Hillel@gmail.com,doctor
340,Alisha,Zitvaa,Alisha.Zitvaa@yopmail.com,Alisha.Zitvaa@gmail.com,doctor
341,Malina,Jobi,Malina.Jobi@yopmail.com,Malina.Jobi@gmail.com,police officer
342,Florie,Oscar,Florie.Oscar@yopmail.com,Florie.Oscar@gmail.com,developer
343,Raf,Talia,Raf.Talia@yopmail.com,Raf.Talia@gmail.com,doctor
344,Tina,Percy,Tina.Percy@yopmail.com,Tina.Percy@gmail.com,worker
345,Averyl,Yuille,Averyl.Yuille@yopmail.com,Averyl.Yuille@gmail.com,worker
346,Christal,Medrek,Christal.Medrek@yopmail.com,Christal.Medrek@gmail.com,firefighter
347,Tersina,Fillbert,Tersina.Fillbert@yopmail.com,Tersina.Fillbert@gmail.com,firefighter
348,Allyce,Colp,Allyce.Colp@yopmail.com,Allyce.Colp@gmail.com,developer
349,Starla,Brotherson,Starla.Brotherson@yopmail.com,Starla.Brotherson@gmail.com,worker
350,Aryn,Myrilla,Aryn.Myrilla@yopmail.com,Aryn.Myrilla@gmail.com,firefighter
351,Ilse,Briney,Ilse.Briney@yopmail.com,Ilse.Briney@gmail.com,worker
352,Tera,Garrison,Tera.Garrison@yopmail.com,Tera.Garrison@gmail.com,developer
353,Chere,Bronk,Chere.Bronk@yopmail.com,Chere.Bronk@gmail.com,developer
354,Eugine,Minetta,Eugine.Minetta@yopmail.com,Eugine.Minetta@gmail.com,firefighter
355,Ardeen,Mehalek,Ardeen.Mehalek@yopmail.com,Ardeen.Mehalek@gmail.com,police officer
356,Letizia,Earlie,Letizia.Earlie@yopmail.com,Letizia.Earlie@gmail.com,developer
357,Tami,Fennessy,Tami.Fennessy@yopmail.com,Tami.Fennessy@gmail.com,developer
358,Sybille,Juliet,Sybille.Juliet@yopmail.com,Sybille.Juliet@gmail.com,worker
359,Fayre,Giff,Fayre.Giff@yopmail.com,Fayre.Giff@gmail.com,doctor
360,Tatiania,Joseph,Tatiania.Joseph@yopmail.com,Tatiania.Joseph@gmail.com,developer
361,Ermengarde,Ricki,Ermengarde.Ricki@yopmail.com,Ermengarde.Ricki@gmail.com,police officer
362,Halette,Kravits,Halette.Kravits@yopmail.com,Halette.Kravits@gmail.com,worker
363,Jany,Howlyn,Jany.Howlyn@yopmail.com,Jany.Howlyn@gmail.com,firefighter
364,Dode,Halsey,Dode.Halsey@yopmail.com,Dode.Halsey@gmail.com,developer
365,Ericka,August,Ericka.August@yopmail.com,Ericka.August@gmail.com,doctor
366,Berget,Fosque,Berget.Fosque@yopmail.com,Berget.Fosque@gmail.com,developer
367,Jsandye,Glenden,Jsandye.Glenden@yopmail.com,Jsandye.Glenden@gmail.com,firefighter
368,Devina,Meli,Devina.Meli@yopmail.com,Devina.Meli@gmail.com,police officer
369,Paola,Billye,Paola.Billye@yopmail.com,Paola.Billye@gmail.com,firefighter
370,Jeanna,Crudden,Jeanna.Crudden@yopmail.com,Jeanna.Crudden@gmail.com,police officer
371,Karly,Medrek,Karly.Medrek@yopmail.com,Karly.Medrek@gmail.com,developer
372,Sibella,Brodench,Sibella.Brodench@yopmail.com,Sibella.Brodench@gmail.com,worker
373,Georgina,Eldrid,Georgina.Eldrid@yopmail.com,Georgina.Eldrid@gmail.com,firefighter
374,Gianina,Hurley,Gianina.Hurley@yopmail.com,Gianina.Hurley@gmail.com,developer
375,Amara,Dyche,Amara.Dyche@yopmail.com,Amara.Dyche@gmail.com,worker
376,Darci,Fiester,Darci.Fiester@yopmail.com,Darci.Fiester@gmail.com,police officer
377,Mady,Duwalt,Mady.Duwalt@yopmail.com,Mady.Duwalt@gmail.com,worker
378,Marika,Tybald,Marika.Tybald@yopmail.com,Marika.Tybald@gmail.com,police officer
379,Kathy,Lattie,Kathy.Lattie@yopmail.com,Kathy.Lattie@gmail.com,worker
380,Lanna,Chobot,Lanna.Chobot@yopmail.com,Lanna.Chobot@gmail.com,police officer
381,Rosene,Lea,Rosene.Lea@yopmail.com,Rosene.Lea@gmail.com,firefighter
382,Elsie,Borrell,Elsie.Borrell@yopmail.com,Elsie.Borrell@gmail.com,doctor
383,Sadie,Autrey,Sadie.Autrey@yopmail.com,Sadie.Autrey@gmail.com,developer
384,Ada,Hartnett,Ada.Hartnett@yopmail.com,Ada.Hartnett@gmail.com,developer
385,Ashlee,Gilbertson,Ashlee.Gilbertson@yopmail.com,Ashlee.Gilbertson@gmail.com,doctor
386,Cyb,Munn,Cyb.Munn@yopmail.com,Cyb.Munn@gmail.com,firefighter
387,Alexine,Brady,Alexine.Brady@yopmail.com,Alexine.Brady@gmail.com,worker
388,Lauryn,Thomasina,Lauryn.Thomasina@yopmail.com,Lauryn.Thomasina@gmail.com,doctor
389,Alyssa,Kaete,Alyssa.Kaete@yopmail.com,Alyssa.Kaete@gmail.com,developer
390,Winny,Herrera,Winny.Herrera@yopmail.com,Winny.Herrera@gmail.com,doctor
391,Aeriela,Wallis,Aeriela.Wallis@yopmail.com,Aeriela.Wallis@gmail.com,worker
392,Doro,Othilia,Doro.Othilia@yopmail.com,Doro.Othilia@gmail.com,worker
393,Alyda,Kamaria,Alyda.Kamaria@yopmail.com,Alyda.Kamaria@gmail.com,police officer
394,Clementine,Kiyoshi,Clementine.Kiyoshi@yopmail.com,Clementine.Kiyoshi@gmail.com,firefighter
395,Tierney,Whiffen,Tierney.Whiffen@yopmail.com,Tierney.Whiffen@gmail.com,doctor
396,Sharlene,Rubie,Sharlene.Rubie@yopmail.com,Sharlene.Rubie@gmail.com,police officer
397,Dyann,Alwin,Dyann.Alwin@yopmail.com,Dyann.Alwin@gmail.com,doctor
398,Alleen,Argus,Alleen.Argus@yopmail.com,Alleen.Argus@gmail.com,police officer
399,Paulita,Velick,Paulita.Velick@yopmail.com,Paulita.Velick@gmail.com,doctor
400,Donetta,Percy,Donetta.Percy@yopmail.com,Donetta.Percy@gmail.com,doctor
401,Ricky,Jess,Ricky.Jess@yopmail.com,Ricky.Jess@gmail.com,developer
402,Ana,Stanwood,Ana.Stanwood@yopmail.com,Ana.Stanwood@gmail.com,police officer
403,Jean,Linehan,Jean.Linehan@yopmail.com,Jean.Linehan@gmail.com,developer
404,Eugine,Chaing,Eugine.Chaing@yopmail.com,Eugine.Chaing@gmail.com,worker
405,Candi,Barney,Candi.Barney@yopmail.com,Candi.Barney@gmail.com,police officer
406,Edee,Crudden,Edee.Crudden@yopmail.com,Edee.Crudden@gmail.com,firefighter
407,Jackie,Therine,Jackie.Therine@yopmail.com,Jackie.Therine@gmail.com,developer
408,Allyce,O'Rourke,Allyce.O'Rourke@yopmail.com,Allyce.O'Rourke@gmail.com,worker
409,Amii,Lenny,Amii.Lenny@yopmail.com,Amii.Lenny@gmail.com,developer
410,Meriel,Winnick,Meriel.Winnick@yopmail.com,Meriel.Winnick@gmail.com,firefighter
411,Maryellen,Primalia,Maryellen.Primalia@yopmail.com,Maryellen.Primalia@gmail.com,police officer
412,Lusa,Fillbert,Lusa.Fillbert@yopmail.com,Lusa.Fillbert@gmail.com,firefighter
413,Tomasina,Carolin,Tomasina.Carolin@yopmail.com,Tomasina.Carolin@gmail.com,police officer
414,Aigneis,Atonsah,Aigneis.Atonsah@yopmail.com,Aigneis.Atonsah@gmail.com,doctor
415,Dorothy,Tillford,Dorothy.Tillford@yopmail.com,Dorothy.Tillford@gmail.com,firefighter
416,Elka,Graig,Elka.Graig@yopmail.com,Elka.Graig@gmail.com,firefighter
417,Tori,Keelia,Tori.Keelia@yopmail.com,Tori.Keelia@gmail.com,firefighter
418,Elka,Dorothy,Elka.Dorothy@yopmail.com,Elka.Dorothy@gmail.com,doctor
419,Janey,Scammon,Janey.Scammon@yopmail.com,Janey.Scammon@gmail.com,police officer
420,Debee,Pauly,Debee.Pauly@yopmail.com,Debee.Pauly@gmail.com,firefighter
421,Meghann,Jobi,Meghann.Jobi@yopmail.com,Meghann.Jobi@gmail.com,police officer
422,Nessie,Kermit,Nessie.Kermit@yopmail.com,Nessie.Kermit@gmail.com,police officer
423,Elsie,Bearnard,Elsie.Bearnard@yopmail.com,Elsie.Bearnard@gmail.com,worker
424,Lisette,Docilla,Lisette.Docilla@yopmail.com,Lisette.Docilla@gmail.com,developer
425,Marleah,McAdams,Marleah.McAdams@yopmail.com,Marleah.McAdams@gmail.com,doctor
426,Lacie,Peonir,Lacie.Peonir@yopmail.com,Lacie.Peonir@gmail.com,police officer
427,Concettina,Gherardo,Concettina.Gherardo@yopmail.com,Concettina.Gherardo@gmail.com,firefighter
428,Deirdre,Turne,Deirdre.Turne@yopmail.com,Deirdre.Turne@gmail.com,doctor
429,Rhoda,Libna,Rhoda.Libna@yopmail.com,Rhoda.Libna@gmail.com,worker
430,Mamie,Harl,Mamie.Harl@yopmail.com,Mamie.Harl@gmail.com,police officer
431,Nananne,Ries,Nananne.Ries@yopmail.com,Nananne.Ries@gmail.com,developer
432,Tiffie,Garlinda,Tiffie.Garlinda@yopmail.com,Tiffie.Garlinda@gmail.com,doctor
433,Albertina,Hortensia,Albertina.Hortensia@yopmail.com,Albertina.Hortensia@gmail.com,doctor
434,Carlie,Raama,Carlie.Raama@yopmail.com,Carlie.Raama@gmail.com,firefighter
435,Leeanne,Zenas,Leeanne.Zenas@yopmail.com,Leeanne.Zenas@gmail.com,developer
436,Pierette,Niccolo,Pierette.Niccolo@yopmail.com,Pierette.Niccolo@gmail.com,firefighter
437,Paule,Arquit,Paule.Arquit@yopmail.com,Paule.Arquit@gmail.com,worker
438,Emelina,Cleo,Emelina.Cleo@yopmail.com,Emelina.Cleo@gmail.com,police officer
439,Elise,Ventre,Elise.Ventre@yopmail.com,Elise.Ventre@gmail.com,police officer
440,Regina,Destinee,Regina.Destinee@yopmail.com,Regina.Destinee@gmail.com,developer
441,Merle,Florina,Merle.Florina@yopmail.com,Merle.Florina@gmail.com,firefighter
442,Catrina,Gale,Catrina.Gale@yopmail.com,Catrina.Gale@gmail.com,developer
443,Florie,Lewes,Florie.Lewes@yopmail.com,Florie.Lewes@gmail.com,police officer
444,Teddie,Felizio,Teddie.Felizio@yopmail.com,Teddie.Felizio@gmail.com,police officer
445,Corene,Carmena,Corene.Carmena@yopmail.com,Corene.Carmena@gmail.com,firefighter
446,Dione,Bivins,Dione.Bivins@yopmail.com,Dione.Bivins@gmail.com,firefighter
447,Lory,Lilas,Lory.Lilas@yopmail.com,Lory.Lilas@gmail.com,worker
448,Dennie,Peti,Dennie.Peti@yopmail.com,Dennie.Peti@gmail.com,firefighter
449,Briney,Argus,Briney.Argus@yopmail.com,Briney.Argus@gmail.com,firefighter
450,Karlee,Talia,Karlee.Talia@yopmail.com,Karlee.Talia@gmail.com,worker
451,Amalie,Si,Amalie.Si@yopmail.com,Amalie.Si@gmail.com,doctor
452,Sallie,Hurley,Sallie.Hurley@yopmail.com,Sallie.Hurley@gmail.com,firefighter
453,Ashlee,Millda,Ashlee.Millda@yopmail.com,Ashlee.Millda@gmail.com,police officer
454,Karolina,Wadell,Karolina.Wadell@yopmail.com,Karolina.Wadell@gmail.com,firefighter
455,Therine,Francene,Therine.Francene@yopmail.com,Therine.Francene@gmail.com,developer
456,Annice,Tristram,Annice.Tristram@yopmail.com,Annice.Tristram@gmail.com,firefighter
457,Annecorinne,Stilwell,Annecorinne.Stilwell@yopmail.com,Annecorinne.Stilwell@gmail.com,worker
458,Marcy,Paton,Marcy.Paton@yopmail.com,Marcy.Paton@gmail.com,police officer
459,Hildegaard,Millda,Hildegaard.Millda@yopmail.com,Hildegaard.Millda@gmail.com,doctor
460,Ileana,Herrera,Ileana.Herrera@yopmail.com,Ileana.Herrera@gmail.com,firefighter
461,Sibella,Breed,Sibella.Breed@yopmail.com,Sibella.Breed@gmail.com,worker
462,Michaelina,Hanleigh,Michaelina.Hanleigh@yopmail.com,Michaelina.Hanleigh@gmail.com,firefighter
463,Ursulina,Emmaline,Ursulina.Emmaline@yopmail.com,Ursulina.Emmaline@gmail.com,worker
464,Netty,Norvol,Netty.Norvol@yopmail.com,Netty.Norvol@gmail.com,developer
465,Karena,An,Karena.An@yopmail.com,Karena.An@gmail.com,firefighter
466,Karina,Gunn,Karina.Gunn@yopmail.com,Karina.Gunn@gmail.com,firefighter
467,Elmira,Bonilla,Elmira.Bonilla@yopmail.com,Elmira.Bonilla@gmail.com,developer
468,Trudie,Pattin,Trudie.Pattin@yopmail.com,Trudie.Pattin@gmail.com,police officer
469,Camile,Valoniah,Camile.Valoniah@yopmail.com,Camile.Valoniah@gmail.com,police officer
470,Agathe,Sadowski,Agathe.Sadowski@yopmail.com,Agathe.Sadowski@gmail.com,firefighter
471,Meghann,Ummersen,Meghann.Ummersen@yopmail.com,Meghann.Ummersen@gmail.com,doctor
472,Cristabel,Sherfield,Cristabel.Sherfield@yopmail.com,Cristabel.Sherfield@gmail.com,firefighter
473,Bertine,Erskine,Bertine.Erskine@yopmail.com,Bertine.Erskine@gmail.com,worker
474,Caryl,Klotz,Caryl.Klotz@yopmail.com,Caryl.Klotz@gmail.com,doctor
475,Moyna,Hanleigh,Moyna.Hanleigh@yopmail.com,Moyna.Hanleigh@gmail.com,police officer
476,Ronna,Bow,Ronna.Bow@yopmail.com,Ronna.Bow@gmail.com,developer
477,Noelle,Wyn,Noelle.Wyn@yopmail.com,Noelle.Wyn@gmail.com,doctor
478,Angela,Cristi,Angela.Cristi@yopmail.com,Angela.Cristi@gmail.com,police officer
479,Meg,Thema,Meg.Thema@yopmail.com,Meg.Thema@gmail.com,worker
480,Ofilia,Dearborn,Ofilia.Dearborn@yopmail.com,Ofilia.Dearborn@gmail.com,doctor
481,Jsandye,Vharat,Jsandye.Vharat@yopmail.com,Jsandye.Vharat@gmail.com,worker
482,Dennie,Yoko,Dennie.Yoko@yopmail.com,Dennie.Yoko@gmail.com,police officer
483,Nanete,Charity,Nanete.Charity@yopmail.com,Nanete.Charity@gmail.com,firefighter
484,Shandie,Jena,Shandie.Jena@yopmail.com,Shandie.Jena@gmail.com,doctor
485,Lorie,Erskine,Lorie.Erskine@yopmail.com,Lorie.Erskine@gmail.com,worker
486,Natka,Ledah,Natka.Ledah@yopmail.com,Natka.Ledah@gmail.com,developer
487,Ida,Elbertina,Ida.Elbertina@yopmail.com,Ida.Elbertina@gmail.com,doctor
488,Brietta,Felecia,Brietta.Felecia@yopmail.com,Brietta.Felecia@gmail.com,developer
489,Glynnis,Raychel,Glynnis.Raychel@yopmail.com,Glynnis.Raychel@gmail.com,police officer
490,Robinia,Payson,Robinia.Payson@yopmail.com,Robinia.Payson@gmail.com,police officer
491,Dianemarie,Sundin,Dianemarie.Sundin@yopmail.com,Dianemarie.Sundin@gmail.com,doctor
492,Janenna,Infield,Janenna.Infield@yopmail.com,Janenna.Infield@gmail.com,worker
493,Mariele,Tamsky,Mariele.Tamsky@yopmail.com,Mariele.Tamsky@gmail.com,developer
494,Lynea,Barbey,Lynea.Barbey@yopmail.com,Lynea.Barbey@gmail.com,worker
495,Chickie,Podvin,Chickie.Podvin@yopmail.com,Chickie.Podvin@gmail.com,worker
496,Shell,Mintz,Shell.Mintz@yopmail.com,Shell.Mintz@gmail.com,police officer
497,Rhoda,Hewitt,Rhoda.Hewitt@yopmail.com,Rhoda.Hewitt@gmail.com,worker
498,Catharine,Carbo,Catharine.Carbo@yopmail.com,Catharine.Carbo@gmail.com,police officer
499,Vanessa,Revkah,Vanessa.Revkah@yopmail.com,Vanessa.Revkah@gmail.com,worker
500,Roslyn,Gladstone,Roslyn.Gladstone@yopmail.com,Roslyn.Gladstone@gmail.com,firefighter
501,Tina,Thilda,Tina.Thilda@yopmail.com,Tina.Thilda@gmail.com,firefighter
502,Latisha,Bultman,Latisha.Bultman@yopmail.com,Latisha.Bultman@gmail.com,doctor
503,Myrtice,Martsen,Myrtice.Martsen@yopmail.com,Myrtice.Martsen@gmail.com,police officer
504,Evita,Pillsbury,Evita.Pillsbury@yopmail.com,Evita.Pillsbury@gmail.com,developer
505,Cyb,Stefa,Cyb.Stefa@yopmail.com,Cyb.Stefa@gmail.com,doctor
506,Jacenta,Wenoa,Jacenta.Wenoa@yopmail.com,Jacenta.Wenoa@gmail.com,developer
507,Barbara,Skurnik,Barbara.Skurnik@yopmail.com,Barbara.Skurnik@gmail.com,developer
508,Florie,Roumell,Florie.Roumell@yopmail.com,Florie.Roumell@gmail.com,developer
509,Barbara,Wadell,Barbara.Wadell@yopmail.com,Barbara.Wadell@gmail.com,doctor
510,Karolina,Yam,Karolina.Yam@yopmail.com,Karolina.Yam@gmail.com,worker
511,Sidoney,Vale,Sidoney.Vale@yopmail.com,Sidoney.Vale@gmail.com,police officer
512,Shell,Imelida,Shell.Imelida@yopmail.com,Shell.Imelida@gmail.com,police officer
513,Pamella,Lilybelle,Pamella.Lilybelle@yopmail.com,Pamella.Lilybelle@gmail.com,firefighter
514,Feliza,Thad,Feliza.Thad@yopmail.com,Feliza.Thad@gmail.com,police officer
515,Maisey,Mendez,Maisey.Mendez@yopmail.com,Maisey.Mendez@gmail.com,police officer
516,Annaliese,Velick,Annaliese.Velick@yopmail.com,Annaliese.Velick@gmail.com,doctor
517,Ninnetta,Posner,Ninnetta.Posner@yopmail.com,Ninnetta.Posner@gmail.com,worker
518,Brana,Dearborn,Brana.Dearborn@yopmail.com,Brana.Dearborn@gmail.com,doctor
519,Trixi,Marijo,Trixi.Marijo@yopmail.com,Trixi.Marijo@gmail.com,firefighter
520,Eugine,Publia,Eugine.Publia@yopmail.com,Eugine.Publia@gmail.com,worker
521,Fredericka,Kinnard,Fredericka.Kinnard@yopmail.com,Fredericka.Kinnard@gmail.com,worker
522,Neila,Prober,Neila.Prober@yopmail.com,Neila.Prober@gmail.com,firefighter
523,Fina,Malanie,Fina.Malanie@yopmail.com,Fina.Malanie@gmail.com,developer
524,Minne,Maryanne,Minne.Maryanne@yopmail.com,Minne.Maryanne@gmail.com,doctor
525,Edyth,Blisse,Edyth.Blisse@yopmail.com,Edyth.Blisse@gmail.com,police officer
526,Mureil,Kress,Mureil.Kress@yopmail.com,Mureil.Kress@gmail.com,doctor
527,Yolane,Wildermuth,Yolane.Wildermuth@yopmail.com,Yolane.Wildermuth@gmail.com,firefighter
528,Gertrud,Yusuk,Gertrud.Yusuk@yopmail.com,Gertrud.Yusuk@gmail.com,police officer
529,Ileana,Narton,Ileana.Narton@yopmail.com,Ileana.Narton@gmail.com,police officer
530,Annabela,Howlyn,Annabela.Howlyn@yopmail.com,Annabela.Howlyn@gmail.com,worker
531,Cyb,Vale,Cyb.Vale@yopmail.com,Cyb.Vale@gmail.com,doctor
532,Tersina,Annabella,Tersina.Annabella@yopmail.com,Tersina.Annabella@gmail.com,doctor
533,Debee,Zuzana,Debee.Zuzana@yopmail.com,Debee.Zuzana@gmail.com,police officer
534,Adele,Telfer,Adele.Telfer@yopmail.com,Adele.Telfer@gmail.com,developer
535,Dacia,Lilas,Dacia.Lilas@yopmail.com,Dacia.Lilas@gmail.com,doctor
536,Carilyn,Nore,Carilyn.Nore@yopmail.com,Carilyn.Nore@gmail.com,police officer
537,Sibella,Creamer,Sibella.Creamer@yopmail.com,Sibella.Creamer@gmail.com,developer
538,Chickie,Liva,Chickie.Liva@yopmail.com,Chickie.Liva@gmail.com,firefighter
539,Tarra,Felecia,Tarra.Felecia@yopmail.com,Tarra.Felecia@gmail.com,firefighter
540,Mariele,Katrine,Mariele.Katrine@yopmail.com,Mariele.Katrine@gmail.com,doctor
541,Deane,Denis,Deane.Denis@yopmail.com,Deane.Denis@gmail.com,police officer
542,Alex,Secrest,Alex.Secrest@yopmail.com,Alex.Secrest@gmail.com,doctor
543,Gusella,Ludewig,Gusella.Ludewig@yopmail.com,Gusella.Ludewig@gmail.com,developer
544,Candy,Belanger,Candy.Belanger@yopmail.com,Candy.Belanger@gmail.com,firefighter
545,Jerry,Greyson,Jerry.Greyson@yopmail.com,Jerry.Greyson@gmail.com,doctor
546,Anestassia,Hewitt,Anestassia.Hewitt@yopmail.com,Anestassia.Hewitt@gmail.com,worker
547,Ruthe,Kelula,Ruthe.Kelula@yopmail.com,Ruthe.Kelula@gmail.com,doctor
548,Jasmina,McNully,Jasmina.McNully@yopmail.com,Jasmina.McNully@gmail.com,firefighter
549,Letizia,Gaulin,Letizia.Gaulin@yopmail.com,Letizia.Gaulin@gmail.com,worker
550,Jasmina,Shaddock,Jasmina.Shaddock@yopmail.com,Jasmina.Shaddock@gmail.com,police officer
551,Joleen,Eben,Joleen.Eben@yopmail.com,Joleen.Eben@gmail.com,developer
552,Fred,Eno,Fred.Eno@yopmail.com,Fred.Eno@gmail.com,doctor
553,Renae,Malina,Renae.Malina@yopmail.com,Renae.Malina@gmail.com,firefighter
554,Cassondra,Iphlgenia,Cassondra.Iphlgenia@yopmail.com,Cassondra.Iphlgenia@gmail.com,police officer
555,Marcelline,Anton,Marcelline.Anton@yopmail.com,Marcelline.Anton@gmail.com,firefighter
556,Lulita,Trace,Lulita.Trace@yopmail.com,Lulita.Trace@gmail.com,developer
557,Frank,Grayce,Frank.Grayce@yopmail.com,Frank.Grayce@gmail.com,firefighter
558,Angelique,Anselmi,Angelique.Anselmi@yopmail.com,Angelique.Anselmi@gmail.com,police officer
559,Carly,Doig,Carly.Doig@yopmail.com,Carly.Doig@gmail.com,developer
560,Kirstin,Voletta,Kirstin.Voletta@yopmail.com,Kirstin.Voletta@gmail.com,developer
561,Cassandra,Hewitt,Cassandra.Hewitt@yopmail.com,Cassandra.Hewitt@gmail.com,firefighter
562,Nariko,Garlinda,Nariko.Garlinda@yopmail.com,Nariko.Garlinda@gmail.com,police officer
563,Nadine,Uird,Nadine.Uird@yopmail.com,Nadine.Uird@gmail.com,firefighter
564,Ericka,Ailyn,Ericka.Ailyn@yopmail.com,Ericka.Ailyn@gmail.com,doctor
565,Elbertina,Ball,Elbertina.Ball@yopmail.com,Elbertina.Ball@gmail.com,firefighter
566,Basia,Weitman,Basia.Weitman@yopmail.com,Basia.Weitman@gmail.com,doctor
567,Flo,Marsden,Flo.Marsden@yopmail.com,Flo.Marsden@gmail.com,firefighter
568,Edyth,Tacye,Edyth.Tacye@yopmail.com,Edyth.Tacye@gmail.com,developer
569,Catrina,Hirsch,Catrina.Hirsch@yopmail.com,Catrina.Hirsch@gmail.com,doctor
570,Consuela,Ball,Consuela.Ball@yopmail.com,Consuela.Ball@gmail.com,firefighter
571,Aubrie,Dorine,Aubrie.Dorine@yopmail.com,Aubrie.Dorine@gmail.com,worker
572,Viki,Nelsen,Viki.Nelsen@yopmail.com,Viki.Nelsen@gmail.com,developer
573,Leia,Uird,Leia.Uird@yopmail.com,Leia.Uird@gmail.com,worker
574,Trudie,Ade,Trudie.Ade@yopmail.com,Trudie.Ade@gmail.com,police officer
575,Penelopa,Grosz,Penelopa.Grosz@yopmail.com,Penelopa.Grosz@gmail.com,police officer
576,Tressa,Elisha,Tressa.Elisha@yopmail.com,Tressa.Elisha@gmail.com,worker
577,Ruthe,Corrine,Ruthe.Corrine@yopmail.com,Ruthe.Corrine@gmail.com,developer
578,Rochette,Georas,Rochette.Georas@yopmail.com,Rochette.Georas@gmail.com,worker
579,Demetris,Vittoria,Demetris.Vittoria@yopmail.com,Demetris.Vittoria@gmail.com,worker
580,Kathy,Amasa,Kathy.Amasa@yopmail.com,Kathy.Amasa@gmail.com,developer
581,Barbi,Tacye,Barbi.Tacye@yopmail.com,Barbi.Tacye@gmail.com,firefighter
582,Elmira,Garrison,Elmira.Garrison@yopmail.com,Elmira.Garrison@gmail.com,worker
583,Myrtice,Ioab,Myrtice.Ioab@yopmail.com,Myrtice.Ioab@gmail.com,developer
584,Blinni,Cutlerr,Blinni.Cutlerr@yopmail.com,Blinni.Cutlerr@gmail.com,worker
585,Raina,Peg,Raina.Peg@yopmail.com,Raina.Peg@gmail.com,developer
586,Merrie,Geffner,Merrie.Geffner@yopmail.com,Merrie.Geffner@gmail.com,worker
587,Claudina,Mathilde,Claudina.Mathilde@yopmail.com,Claudina.Mathilde@gmail.com,firefighter
588,Vanessa,Leonard,Vanessa.Leonard@yopmail.com,Vanessa.Leonard@gmail.com,police officer
589,Caryl,Dimitris,Caryl.Dimitris@yopmail.com,Caryl.Dimitris@gmail.com,doctor
590,Neila,Hieronymus,Neila.Hieronymus@yopmail.com,Neila.Hieronymus@gmail.com,doctor
591,Margalo,Byrne,Margalo.Byrne@yopmail.com,Margalo.Byrne@gmail.com,developer
592,Bee,Garek,Bee.Garek@yopmail.com,Bee.Garek@gmail.com,developer
593,Sonni,Bigner,Sonni.Bigner@yopmail.com,Sonni.Bigner@gmail.com,doctor
594,Merrie,Simmonds,Merrie.Simmonds@yopmail.com,Merrie.Simmonds@gmail.com,firefighter
595,Quintina,Schwejda,Quintina.Schwejda@yopmail.com,Quintina.Schwejda@gmail.com,police officer
596,Ursulina,Leopold,Ursulina.Leopold@yopmail.com,Ursulina.Leopold@gmail.com,doctor
597,Beverley,Raffo,Beverley.Raffo@yopmail.com,Beverley.Raffo@gmail.com,police officer
598,Hermione,Charity,Hermione.Charity@yopmail.com,Hermione.Charity@gmail.com,developer
599,Kayla,Linskey,Kayla.Linskey@yopmail.com,Kayla.Linskey@gmail.com,firefighter
600,Jenda,Genna,Jenda.Genna@yopmail.com,Jenda.Genna@gmail.com,firefighter
601,Ida,Jess,Ida.Jess@yopmail.com,Ida.Jess@gmail.com,worker
602,Halette,Hashim,Halette.Hashim@yopmail.com,Halette.Hashim@gmail.com,firefighter
603,Catharine,Terencio,Catharine.Terencio@yopmail.com,Catharine.Terencio@gmail.com,police officer
604,Sashenka,Hourigan,Sashenka.Hourigan@yopmail.com,Sashenka.Hourigan@gmail.com,doctor
605,Iseabal,Jeanne,Iseabal.Jeanne@yopmail.com,Iseabal.Jeanne@gmail.com,police officer
606,Layla,Iphlgenia,Layla.Iphlgenia@yopmail.com,Layla.Iphlgenia@gmail.com,worker
607,Zondra,Thornburg,Zondra.Thornburg@yopmail.com,Zondra.Thornburg@gmail.com,police officer
608,Ariela,Suk,Ariela.Suk@yopmail.com,Ariela.Suk@gmail.com,police officer
609,Devina,Saint,Devina.Saint@yopmail.com,Devina.Saint@gmail.com,police officer
610,Tersina,Joeann,Tersina.Joeann@yopmail.com,Tersina.Joeann@gmail.com,firefighter
611,Renae,Winthorpe,Renae.Winthorpe@yopmail.com,Renae.Winthorpe@gmail.com,doctor
612,Kathi,Jethro,Kathi.Jethro@yopmail.com,Kathi.Jethro@gmail.com,worker
613,Deane,Corrine,Deane.Corrine@yopmail.com,Deane.Corrine@gmail.com,doctor
614,Jan,Ashok,Jan.Ashok@yopmail.com,Jan.Ashok@gmail.com,developer
615,Daphne,Borrell,Daphne.Borrell@yopmail.com,Daphne.Borrell@gmail.com,doctor
616,Merci,Wooster,Merci.Wooster@yopmail.com,Merci.Wooster@gmail.com,worker
617,Lorie,Egbert,Lorie.Egbert@yopmail.com,Lorie.Egbert@gmail.com,developer
618,Pearline,Alfons,Pearline.Alfons@yopmail.com,Pearline.Alfons@gmail.com,worker
619,Deirdre,My,Deirdre.My@yopmail.com,Deirdre.My@gmail.com,police officer
620,Henriette,Gemini,Henriette.Gemini@yopmail.com,Henriette.Gemini@gmail.com,developer
621,Nanete,Cloris,Nanete.Cloris@yopmail.com,Nanete.Cloris@gmail.com,worker
622,Rayna,Brandice,Rayna.Brandice@yopmail.com,Rayna.Brandice@gmail.com,worker
623,Christy,Pattin,Christy.Pattin@yopmail.com,Christy.Pattin@gmail.com,developer
624,Jessamyn,Aaberg,Jessamyn.Aaberg@yopmail.com,Jessamyn.Aaberg@gmail.com,doctor
625,Jenda,Jerold,Jenda.Jerold@yopmail.com,Jenda.Jerold@gmail.com,police officer
626,Tiffie,Lowry,Tiffie.Lowry@yopmail.com,Tiffie.Lowry@gmail.com,developer
627,Heddie,Joachim,Heddie.Joachim@yopmail.com,Heddie.Joachim@gmail.com,police officer
628,Rhea,Guthrie,Rhea.Guthrie@yopmail.com,Rhea.Guthrie@gmail.com,firefighter
629,Elora,Bord,Elora.Bord@yopmail.com,Elora.Bord@gmail.com,firefighter
630,Anthia,Nelsen,Anthia.Nelsen@yopmail.com,Anthia.Nelsen@gmail.com,firefighter
631,Bibby,Verger,Bibby.Verger@yopmail.com,Bibby.Verger@gmail.com,developer
632,Jessamyn,Tiffa,Jessamyn.Tiffa@yopmail.com,Jessamyn.Tiffa@gmail.com,worker
633,Kary,Taam,Kary.Taam@yopmail.com,Kary.Taam@gmail.com,developer
634,Lesly,Ackerley,Lesly.Ackerley@yopmail.com,Lesly.Ackerley@gmail.com,police officer
635,Mildrid,Kathie,Mildrid.Kathie@yopmail.com,Mildrid.Kathie@gmail.com,police officer
636,Arabel,Jalbert,Arabel.Jalbert@yopmail.com,Arabel.Jalbert@gmail.com,firefighter
637,Evaleen,Lay,Evaleen.Lay@yopmail.com,Evaleen.Lay@gmail.com,developer
638,Ursulina,Peg,Ursulina.Peg@yopmail.com,Ursulina.Peg@gmail.com,doctor
639,Wendi,Fairweather,Wendi.Fairweather@yopmail.com,Wendi.Fairweather@gmail.com,firefighter
640,Dominga,Kellby,Dominga.Kellby@yopmail.com,Dominga.Kellby@gmail.com,police officer
641,Nataline,Anderea,Nataline.Anderea@yopmail.com,Nataline.Anderea@gmail.com,doctor
642,Jacenta,Cornelia,Jacenta.Cornelia@yopmail.com,Jacenta.Cornelia@gmail.com,firefighter
643,Danny,Libna,Danny.Libna@yopmail.com,Danny.Libna@gmail.com,firefighter
644,Marnia,Bord,Marnia.Bord@yopmail.com,Marnia.Bord@gmail.com,worker
645,Candy,Heisel,Candy.Heisel@yopmail.com,Candy.Heisel@gmail.com,doctor
646,Cherrita,Shama,Cherrita.Shama@yopmail.com,Cherrita.Shama@gmail.com,firefighter
647,Berget,Stephie,Berget.Stephie@yopmail.com,Berget.Stephie@gmail.com,developer
648,Nelle,Delacourt,Nelle.Delacourt@yopmail.com,Nelle.Delacourt@gmail.com,firefighter
649,Ariela,Terrence,Ariela.Terrence@yopmail.com,Ariela.Terrence@gmail.com,firefighter
650,Esmeralda,Dominy,Esmeralda.Dominy@yopmail.com,Esmeralda.Dominy@gmail.com,police officer
651,Minne,Drus,Minne.Drus@yopmail.com,Minne.Drus@gmail.com,worker
652,Bee,Raffo,Bee.Raffo@yopmail.com,Bee.Raffo@gmail.com,doctor
653,Liana,Tremayne,Liana.Tremayne@yopmail.com,Liana.Tremayne@gmail.com,police officer
654,Heddie,Leopold,Heddie.Leopold@yopmail.com,Heddie.Leopold@gmail.com,developer
655,Gertrud,Artie,Gertrud.Artie@yopmail.com,Gertrud.Artie@gmail.com,developer
656,Stephanie,Ardeha,Stephanie.Ardeha@yopmail.com,Stephanie.Ardeha@gmail.com,worker
657,Felice,Karl,Felice.Karl@yopmail.com,Felice.Karl@gmail.com,doctor
658,Alie,Gusella,Alie.Gusella@yopmail.com,Alie.Gusella@gmail.com,doctor
659,Marinna,Hamil,Marinna.Hamil@yopmail.com,Marinna.Hamil@gmail.com,doctor
660,Heida,Anderea,Heida.Anderea@yopmail.com,Heida.Anderea@gmail.com,developer
661,Eadie,Earlie,Eadie.Earlie@yopmail.com,Eadie.Earlie@gmail.com,doctor
662,Olivette,Stilwell,Olivette.Stilwell@yopmail.com,Olivette.Stilwell@gmail.com,developer
663,Edee,Ogren,Edee.Ogren@yopmail.com,Edee.Ogren@gmail.com,doctor
664,Britte,Gamaliel,Britte.Gamaliel@yopmail.com,Britte.Gamaliel@gmail.com,developer
665,Chrystel,Melleta,Chrystel.Melleta@yopmail.com,Chrystel.Melleta@gmail.com,doctor
666,Ottilie,Toni,Ottilie.Toni@yopmail.com,Ottilie.Toni@gmail.com,police officer
667,Zia,Moina,Zia.Moina@yopmail.com,Zia.Moina@gmail.com,police officer
668,Yolane,Millda,Yolane.Millda@yopmail.com,Yolane.Millda@gmail.com,worker
669,Carly,Lilas,Carly.Lilas@yopmail.com,Carly.Lilas@gmail.com,firefighter
670,Doro,Barrus,Doro.Barrus@yopmail.com,Doro.Barrus@gmail.com,developer
671,Binny,Wittie,Binny.Wittie@yopmail.com,Binny.Wittie@gmail.com,developer
672,Kirbee,Brenn,Kirbee.Brenn@yopmail.com,Kirbee.Brenn@gmail.com,developer
673,Mamie,Blase,Mamie.Blase@yopmail.com,Mamie.Blase@gmail.com,developer
674,Merle,Tound,Merle.Tound@yopmail.com,Merle.Tound@gmail.com,worker
675,Gilda,Margret,Gilda.Margret@yopmail.com,Gilda.Margret@gmail.com,worker
676,Asia,Vittoria,Asia.Vittoria@yopmail.com,Asia.Vittoria@gmail.com,doctor
677,Chere,Erich,Chere.Erich@yopmail.com,Chere.Erich@gmail.com,doctor
678,Frances,Herrera,Frances.Herrera@yopmail.com,Frances.Herrera@gmail.com,worker
679,Wilma,Khorma,Wilma.Khorma@yopmail.com,Wilma.Khorma@gmail.com,worker
680,Odessa,Milde,Odessa.Milde@yopmail.com,Odessa.Milde@gmail.com,firefighter
681,Roberta,Keily,Roberta.Keily@yopmail.com,Roberta.Keily@gmail.com,police officer
682,Trudie,Kylander,Trudie.Kylander@yopmail.com,Trudie.Kylander@gmail.com,developer
683,Hildegaard,Thomasina,Hildegaard.Thomasina@yopmail.com,Hildegaard.Thomasina@gmail.com,firefighter
684,Therine,Calhoun,Therine.Calhoun@yopmail.com,Therine.Calhoun@gmail.com,worker
685,Pearline,Richers,Pearline.Richers@yopmail.com,Pearline.Richers@gmail.com,firefighter
686,Dulcinea,Anastatius,Dulcinea.Anastatius@yopmail.com,Dulcinea.Anastatius@gmail.com,doctor
687,Nanete,Ochs,Nanete.Ochs@yopmail.com,Nanete.Ochs@gmail.com,doctor
688,Tera,Killigrew,Tera.Killigrew@yopmail.com,Tera.Killigrew@gmail.com,police officer
689,Dolli,Stefa,Dolli.Stefa@yopmail.com,Dolli.Stefa@gmail.com,doctor
690,Amelia,Yerkovich,Amelia.Yerkovich@yopmail.com,Amelia.Yerkovich@gmail.com,doctor
691,Alexine,Ries,Alexine.Ries@yopmail.com,Alexine.Ries@gmail.com,developer
692,Kore,Kiersten,Kore.Kiersten@yopmail.com,Kore.Kiersten@gmail.com,worker
693,Kylynn,Gusella,Kylynn.Gusella@yopmail.com,Kylynn.Gusella@gmail.com,police officer
694,Nonnah,Byrne,Nonnah.Byrne@yopmail.com,Nonnah.Byrne@gmail.com,developer
695,Lorne,Morehouse,Lorne.Morehouse@yopmail.com,Lorne.Morehouse@gmail.com,firefighter
696,Jinny,Llovera,Jinny.Llovera@yopmail.com,Jinny.Llovera@gmail.com,police officer
697,Kassey,Anselmi,Kassey.Anselmi@yopmail.com,Kassey.Anselmi@gmail.com,worker
698,Yetty,Ventre,Yetty.Ventre@yopmail.com,Yetty.Ventre@gmail.com,developer
699,Eadie,Darrell,Eadie.Darrell@yopmail.com,Eadie.Darrell@gmail.com,firefighter
700,Corry,Evvie,Corry.Evvie@yopmail.com,Corry.Evvie@gmail.com,developer
701,Patricia,Halla,Patricia.Halla@yopmail.com,Patricia.Halla@gmail.com,developer
702,Chloris,Rurik,Chloris.Rurik@yopmail.com,Chloris.Rurik@gmail.com,doctor
703,Linzy,Si,Linzy.Si@yopmail.com,Linzy.Si@gmail.com,firefighter
704,Lyssa,Bryna,Lyssa.Bryna@yopmail.com,Lyssa.Bryna@gmail.com,police officer
705,Lelah,Cohdwell,Lelah.Cohdwell@yopmail.com,Lelah.Cohdwell@gmail.com,police officer
706,Benita,Dorcy,Benita.Dorcy@yopmail.com,Benita.Dorcy@gmail.com,worker
707,Sharlene,Abram,Sharlene.Abram@yopmail.com,Sharlene.Abram@gmail.com,developer
708,Celene,Erlandson,Celene.Erlandson@yopmail.com,Celene.Erlandson@gmail.com,firefighter
709,Karolina,Jalbert,Karolina.Jalbert@yopmail.com,Karolina.Jalbert@gmail.com,worker
710,Emmey,August,Emmey.August@yopmail.com,Emmey.August@gmail.com,developer
711,Leeanne,Chaing,Leeanne.Chaing@yopmail.com,Leeanne.Chaing@gmail.com,doctor
712,Concettina,Ranjiv,Concettina.Ranjiv@yopmail.com,Concettina.Ranjiv@gmail.com,developer
713,Mireielle,Maxi,Mireielle.Maxi@yopmail.com,Mireielle.Maxi@gmail.com,firefighter
714,Florie,Jethro,Florie.Jethro@yopmail.com,Florie.Jethro@gmail.com,worker
715,Caressa,An,Caressa.An@yopmail.com,Caressa.An@gmail.com,police officer
716,Gloria,Tacye,Gloria.Tacye@yopmail.com,Gloria.Tacye@gmail.com,doctor
717,Caressa,Daveta,Caressa.Daveta@yopmail.com,Caressa.Daveta@gmail.com,doctor
718,Annabela,Persse,Annabela.Persse@yopmail.com,Annabela.Persse@gmail.com,worker
719,Jemie,Sundin,Jemie.Sundin@yopmail.com,Jemie.Sundin@gmail.com,firefighter
720,Catharine,Shaver,Catharine.Shaver@yopmail.com,Catharine.Shaver@gmail.com,worker
721,Sue,Thilda,Sue.Thilda@yopmail.com,Sue.Thilda@gmail.com,developer
722,Claudina,Carri,Claudina.Carri@yopmail.com,Claudina.Carri@gmail.com,firefighter
723,Nita,Chaing,Nita.Chaing@yopmail.com,Nita.Chaing@gmail.com,firefighter
724,Camile,Sherfield,Camile.Sherfield@yopmail.com,Camile.Sherfield@gmail.com,worker
725,Shaylyn,Linskey,Shaylyn.Linskey@yopmail.com,Shaylyn.Linskey@gmail.com,developer
726,Ernesta,Albertine,Ernesta.Albertine@yopmail.com,Ernesta.Albertine@gmail.com,worker
727,Stacey,Esmaria,Stacey.Esmaria@yopmail.com,Stacey.Esmaria@gmail.com,firefighter
728,Donnie,Orpah,Donnie.Orpah@yopmail.com,Donnie.Orpah@gmail.com,firefighter
729,Eadie,Earlie,Eadie.Earlie@yopmail.com,Eadie.Earlie@gmail.com,firefighter
730,Tierney,Alice,Tierney.Alice@yopmail.com,Tierney.Alice@gmail.com,doctor
731,Fidelia,Jaylene,Fidelia.Jaylene@yopmail.com,Fidelia.Jaylene@gmail.com,doctor
732,Dione,Drisko,Dione.Drisko@yopmail.com,Dione.Drisko@gmail.com,worker
733,Maisey,Annabella,Maisey.Annabella@yopmail.com,Maisey.Annabella@gmail.com,worker
734,Estell,Ricarda,Estell.Ricarda@yopmail.com,Estell.Ricarda@gmail.com,worker
735,Ricky,Karna,Ricky.Karna@yopmail.com,Ricky.Karna@gmail.com,doctor
736,Judy,Ophelia,Judy.Ophelia@yopmail.com,Judy.Ophelia@gmail.com,firefighter
737,Nikki,Lane,Nikki.Lane@yopmail.com,Nikki.Lane@gmail.com,doctor
738,Rivalee,Sancho,Rivalee.Sancho@yopmail.com,Rivalee.Sancho@gmail.com,worker
739,Winifred,Susannah,Winifred.Susannah@yopmail.com,Winifred.Susannah@gmail.com,firefighter
740,Barbi,Rudolph,Barbi.Rudolph@yopmail.com,Barbi.Rudolph@gmail.com,police officer
741,Kellen,Bord,Kellen.Bord@yopmail.com,Kellen.Bord@gmail.com,doctor
742,Leanna,Olympium,Leanna.Olympium@yopmail.com,Leanna.Olympium@gmail.com,worker
743,Brana,Pond,Brana.Pond@yopmail.com,Brana.Pond@gmail.com,police officer
744,Belva,Terrence,Belva.Terrence@yopmail.com,Belva.Terrence@gmail.com,police officer
745,Janeczka,Durware,Janeczka.Durware@yopmail.com,Janeczka.Durware@gmail.com,police officer
746,Averyl,Izaak,Averyl.Izaak@yopmail.com,Averyl.Izaak@gmail.com,doctor
747,Aigneis,Wittie,Aigneis.Wittie@yopmail.com,Aigneis.Wittie@gmail.com,developer
748,Gusella,Millda,Gusella.Millda@yopmail.com,Gusella.Millda@gmail.com,police officer
749,Fidelia,Lauraine,Fidelia.Lauraine@yopmail.com,Fidelia.Lauraine@gmail.com,worker
750,Cathie,Lutero,Cathie.Lutero@yopmail.com,Cathie.Lutero@gmail.com,worker
751,Rochette,Hylan,Rochette.Hylan@yopmail.com,Rochette.Hylan@gmail.com,doctor
752,Nicoli,Audly,Nicoli.Audly@yopmail.com,Nicoli.Audly@gmail.com,doctor
753,Tracey,Aaberg,Tracey.Aaberg@yopmail.com,Tracey.Aaberg@gmail.com,doctor
754,Nyssa,Amadas,Nyssa.Amadas@yopmail.com,Nyssa.Amadas@gmail.com,police officer
755,Bettine,Gahl,Bettine.Gahl@yopmail.com,Bettine.Gahl@gmail.com,developer
756,Cindelyn,Grayce,Cindelyn.Grayce@yopmail.com,Cindelyn.Grayce@gmail.com,firefighter
757,Viki,Monk,Viki.Monk@yopmail.com,Viki.Monk@gmail.com,developer
758,Rani,Abram,Rani.Abram@yopmail.com,Rani.Abram@gmail.com,worker
759,Janeczka,Pulsifer,Janeczka.Pulsifer@yopmail.com,Janeczka.Pulsifer@gmail.com,firefighter
760,Ada,Cherianne,Ada.Cherianne@yopmail.com,Ada.Cherianne@gmail.com,firefighter
761,Carolina,Gaynor,Carolina.Gaynor@yopmail.com,Carolina.Gaynor@gmail.com,doctor
762,Anestassia,Evvie,Anestassia.Evvie@yopmail.com,Anestassia.Evvie@gmail.com,developer
763,Darci,Krystle,Darci.Krystle@yopmail.com,Darci.Krystle@gmail.com,worker
764,Dale,Charity,Dale.Charity@yopmail.com,Dale.Charity@gmail.com,firefighter
765,Nessie,Kaja,Nessie.Kaja@yopmail.com,Nessie.Kaja@gmail.com,doctor
766,Joceline,Bandeen,Joceline.Bandeen@yopmail.com,Joceline.Bandeen@gmail.com,developer
767,Nikki,Ardeha,Nikki.Ardeha@yopmail.com,Nikki.Ardeha@gmail.com,police officer
768,Constance,Klemperer,Constance.Klemperer@yopmail.com,Constance.Klemperer@gmail.com,worker
769,Giustina,Louanna,Giustina.Louanna@yopmail.com,Giustina.Louanna@gmail.com,police officer
770,Emmey,Esmaria,Emmey.Esmaria@yopmail.com,Emmey.Esmaria@gmail.com,police officer
771,Kimberley,Alcott,Kimberley.Alcott@yopmail.com,Kimberley.Alcott@gmail.com,police officer
772,Carree,Ammann,Carree.Ammann@yopmail.com,Carree.Ammann@gmail.com,doctor
773,Demetris,Carey,Demetris.Carey@yopmail.com,Demetris.Carey@gmail.com,developer
774,Dacia,Harday,Dacia.Harday@yopmail.com,Dacia.Harday@gmail.com,police officer
775,Ellette,Candy,Ellette.Candy@yopmail.com,Ellette.Candy@gmail.com,worker
776,Yetty,Dahlia,Yetty.Dahlia@yopmail.com,Yetty.Dahlia@gmail.com,worker
777,Vonny,Clywd,Vonny.Clywd@yopmail.com,Vonny.Clywd@gmail.com,developer
778,Sam,Bobbee,Sam.Bobbee@yopmail.com,Sam.Bobbee@gmail.com,firefighter
779,Ernesta,Lacombe,Ernesta.Lacombe@yopmail.com,Ernesta.Lacombe@gmail.com,police officer
780,Darlleen,Prouty,Darlleen.Prouty@yopmail.com,Darlleen.Prouty@gmail.com,police officer
781,Luci,Janene,Luci.Janene@yopmail.com,Luci.Janene@gmail.com,doctor
782,Kary,Elephus,Kary.Elephus@yopmail.com,Kary.Elephus@gmail.com,firefighter
783,Shannah,Milson,Shannah.Milson@yopmail.com,Shannah.Milson@gmail.com,worker
784,Dale,Jess,Dale.Jess@yopmail.com,Dale.Jess@gmail.com,developer
785,Bill,Rosalba,Bill.Rosalba@yopmail.com,Bill.Rosalba@gmail.com,doctor
786,Dulcinea,Forrer,Dulcinea.Forrer@yopmail.com,Dulcinea.Forrer@gmail.com,worker
787,Bettine,Letsou,Bettine.Letsou@yopmail.com,Bettine.Letsou@gmail.com,police officer
788,Hildegaard,Martsen,Hildegaard.Martsen@yopmail.com,Hildegaard.Martsen@gmail.com,worker
789,Miquela,Leopold,Miquela.Leopold@yopmail.com,Miquela.Leopold@gmail.com,worker
790,Antonietta,Borrell,Antonietta.Borrell@yopmail.com,Antonietta.Borrell@gmail.com,firefighter
791,Ida,Francene,Ida.Francene@yopmail.com,Ida.Francene@gmail.com,firefighter
792,June,Stuart,June.Stuart@yopmail.com,June.Stuart@gmail.com,worker
793,Marjie,Ellerey,Marjie.Ellerey@yopmail.com,Marjie.Ellerey@gmail.com,doctor
794,Amii,Clywd,Amii.Clywd@yopmail.com,Amii.Clywd@gmail.com,firefighter
795,Emelina,Cassius,Emelina.Cassius@yopmail.com,Emelina.Cassius@gmail.com,police officer
796,Alie,Sasnett,Alie.Sasnett@yopmail.com,Alie.Sasnett@gmail.com,firefighter
797,Tatiania,Georas,Tatiania.Georas@yopmail.com,Tatiania.Georas@gmail.com,developer
798,Angelique,Callista,Angelique.Callista@yopmail.com,Angelique.Callista@gmail.com,developer
799,Trixi,Hermes,Trixi.Hermes@yopmail.com,Trixi.Hermes@gmail.com,doctor
800,Kirstin,Decato,Kirstin.Decato@yopmail.com,Kirstin.Decato@gmail.com,firefighter
801,Britni,Kesley,Britni.Kesley@yopmail.com,Britni.Kesley@gmail.com,police officer
802,Micheline,Love,Micheline.Love@yopmail.com,Micheline.Love@gmail.com,worker
803,Mary,Standing,Mary.Standing@yopmail.com,Mary.Standing@gmail.com,developer
804,Lolita,Erich,Lolita.Erich@yopmail.com,Lolita.Erich@gmail.com,doctor
805,Cherrita,Kiersten,Cherrita.Kiersten@yopmail.com,Cherrita.Kiersten@gmail.com,worker
806,Kaja,Taima,Kaja.Taima@yopmail.com,Kaja.Taima@gmail.com,firefighter
807,Maisey,Codding,Maisey.Codding@yopmail.com,Maisey.Codding@gmail.com,developer
808,Cassandra,Westphal,Cassandra.Westphal@yopmail.com,Cassandra.Westphal@gmail.com,doctor
809,Karena,Chabot,Karena.Chabot@yopmail.com,Karena.Chabot@gmail.com,developer
810,Feliza,Alrich,Feliza.Alrich@yopmail.com,Feliza.Alrich@gmail.com,worker
811,Tamqrah,Drus,Tamqrah.Drus@yopmail.com,Tamqrah.Drus@gmail.com,worker
812,Marinna,Japeth,Marinna.Japeth@yopmail.com,Marinna.Japeth@gmail.com,police officer
813,Mallory,Felizio,Mallory.Felizio@yopmail.com,Mallory.Felizio@gmail.com,police officer
814,Cissiee,Tippets,Cissiee.Tippets@yopmail.com,Cissiee.Tippets@gmail.com,developer
815,Ayn,Freddi,Ayn.Freddi@yopmail.com,Ayn.Freddi@gmail.com,doctor
816,Odessa,Terrence,Odessa.Terrence@yopmail.com,Odessa.Terrence@gmail.com,firefighter
817,Chandra,Codding,Chandra.Codding@yopmail.com,Chandra.Codding@gmail.com,worker
818,Fanchon,Burnside,Fanchon.Burnside@yopmail.com,Fanchon.Burnside@gmail.com,firefighter
819,Tybie,Dimitris,Tybie.Dimitris@yopmail.com,Tybie.Dimitris@gmail.com,doctor
820,Florie,Persse,Florie.Persse@yopmail.com,Florie.Persse@gmail.com,police officer
821,Zaria,Tyson,Zaria.Tyson@yopmail.com,Zaria.Tyson@gmail.com,worker
822,Morganica,Evvie,Morganica.Evvie@yopmail.com,Morganica.Evvie@gmail.com,developer
823,Zaria,Astra,Zaria.Astra@yopmail.com,Zaria.Astra@gmail.com,worker
824,Ivett,Dorine,Ivett.Dorine@yopmail.com,Ivett.Dorine@gmail.com,police officer
825,Raina,Cosenza,Raina.Cosenza@yopmail.com,Raina.Cosenza@gmail.com,worker
826,Mahalia,Odell,Mahalia.Odell@yopmail.com,Mahalia.Odell@gmail.com,doctor
827,Belva,Janene,Belva.Janene@yopmail.com,Belva.Janene@gmail.com,doctor
828,Lory,Gert,Lory.Gert@yopmail.com,Lory.Gert@gmail.com,police officer
829,Madalyn,Janith,Madalyn.Janith@yopmail.com,Madalyn.Janith@gmail.com,police officer
830,Jordan,Rheingold,Jordan.Rheingold@yopmail.com,Jordan.Rheingold@gmail.com,firefighter
831,Atlanta,Ilka,Atlanta.Ilka@yopmail.com,Atlanta.Ilka@gmail.com,police officer
832,Justinn,Quinn,Justinn.Quinn@yopmail.com,Justinn.Quinn@gmail.com,worker
833,Pierette,Pernick,Pierette.Pernick@yopmail.com,Pierette.Pernick@gmail.com,developer
834,Blondelle,Laurianne,Blondelle.Laurianne@yopmail.com,Blondelle.Laurianne@gmail.com,worker
835,Krystle,Maryanne,Krystle.Maryanne@yopmail.com,Krystle.Maryanne@gmail.com,doctor
836,Calla,Saunderson,Calla.Saunderson@yopmail.com,Calla.Saunderson@gmail.com,worker
837,Konstance,Autrey,Konstance.Autrey@yopmail.com,Konstance.Autrey@gmail.com,developer
838,Olwen,Ortrude,Olwen.Ortrude@yopmail.com,Olwen.Ortrude@gmail.com,worker
839,Consuela,Wind,Consuela.Wind@yopmail.com,Consuela.Wind@gmail.com,doctor
840,Lonnie,Annice,Lonnie.Annice@yopmail.com,Lonnie.Annice@gmail.com,police officer
841,Mignon,Adamsen,Mignon.Adamsen@yopmail.com,Mignon.Adamsen@gmail.com,worker
842,Deane,Adamsen,Deane.Adamsen@yopmail.com,Deane.Adamsen@gmail.com,developer
843,Ninnetta,Rese,Ninnetta.Rese@yopmail.com,Ninnetta.Rese@gmail.com,police officer
844,Damaris,Baudin,Damaris.Baudin@yopmail.com,Damaris.Baudin@gmail.com,police officer
845,Rosabelle,Poppy,Rosabelle.Poppy@yopmail.com,Rosabelle.Poppy@gmail.com,doctor
846,Ariela,Hedve,Ariela.Hedve@yopmail.com,Ariela.Hedve@gmail.com,police officer
847,Jany,Haymes,Jany.Haymes@yopmail.com,Jany.Haymes@gmail.com,police officer
848,Barbi,Louanna,Barbi.Louanna@yopmail.com,Barbi.Louanna@gmail.com,doctor
849,Helena,Haerr,Helena.Haerr@yopmail.com,Helena.Haerr@gmail.com,doctor
850,Corly,Lia,Corly.Lia@yopmail.com,Corly.Lia@gmail.com,firefighter
851,Jsandye,Zeeba,Jsandye.Zeeba@yopmail.com,Jsandye.Zeeba@gmail.com,police officer
852,Oralee,Plato,Oralee.Plato@yopmail.com,Oralee.Plato@gmail.com,doctor
853,Janey,Orelee,Janey.Orelee@yopmail.com,Janey.Orelee@gmail.com,doctor
854,Lita,Dielu,Lita.Dielu@yopmail.com,Lita.Dielu@gmail.com,doctor
855,Judy,Crudden,Judy.Crudden@yopmail.com,Judy.Crudden@gmail.com,developer
856,Deane,Suanne,Deane.Suanne@yopmail.com,Deane.Suanne@gmail.com,worker
857,Leia,Cohdwell,Leia.Cohdwell@yopmail.com,Leia.Cohdwell@gmail.com,police officer
858,Katuscha,Carlson,Katuscha.Carlson@yopmail.com,Katuscha.Carlson@gmail.com,doctor
859,Dennie,Kronfeld,Dennie.Kronfeld@yopmail.com,Dennie.Kronfeld@gmail.com,developer
860,Dacia,Fontana,Dacia.Fontana@yopmail.com,Dacia.Fontana@gmail.com,police officer
861,Cacilie,Koehler,Cacilie.Koehler@yopmail.com,Cacilie.Koehler@gmail.com,police officer
862,Sara-Ann,Carri,Sara-Ann.Carri@yopmail.com,Sara-Ann.Carri@gmail.com,worker
863,Mady,Si,Mady.Si@yopmail.com,Mady.Si@gmail.com,doctor
864,Coral,Anselmi,Coral.Anselmi@yopmail.com,Coral.Anselmi@gmail.com,doctor
865,Dari,Goldina,Dari.Goldina@yopmail.com,Dari.Goldina@gmail.com,police officer
866,Vita,Tristram,Vita.Tristram@yopmail.com,Vita.Tristram@gmail.com,developer
867,Keelia,Erich,Keelia.Erich@yopmail.com,Keelia.Erich@gmail.com,firefighter
868,Elyssa,Montgomery,Elyssa.Montgomery@yopmail.com,Elyssa.Montgomery@gmail.com,doctor
869,Barbara,Lacombe,Barbara.Lacombe@yopmail.com,Barbara.Lacombe@gmail.com,developer
870,Dorene,Danby,Dorene.Danby@yopmail.com,Dorene.Danby@gmail.com,doctor
871,Ada,Vernier,Ada.Vernier@yopmail.com,Ada.Vernier@gmail.com,doctor
872,Kirstin,Hathaway,Kirstin.Hathaway@yopmail.com,Kirstin.Hathaway@gmail.com,worker
873,Ericka,Raychel,Ericka.Raychel@yopmail.com,Ericka.Raychel@gmail.com,doctor
874,Lucy,Schlosser,Lucy.Schlosser@yopmail.com,Lucy.Schlosser@gmail.com,firefighter
875,Charlena,Markman,Charlena.Markman@yopmail.com,Charlena.Markman@gmail.com,worker
876,Emmey,Lilas,Emmey.Lilas@yopmail.com,Emmey.Lilas@gmail.com,worker
877,Janis,Fitzsimmons,Janis.Fitzsimmons@yopmail.com,Janis.Fitzsimmons@gmail.com,firefighter
878,Mahalia,Dowski,Mahalia.Dowski@yopmail.com,Mahalia.Dowski@gmail.com,doctor
879,Clementine,Jess,Clementine.Jess@yopmail.com,Clementine.Jess@gmail.com,firefighter
880,Ada,Hashim,Ada.Hashim@yopmail.com,Ada.Hashim@gmail.com,firefighter
881,Nariko,Boycey,Nariko.Boycey@yopmail.com,Nariko.Boycey@gmail.com,police officer
882,Millie,Joni,Millie.Joni@yopmail.com,Millie.Joni@gmail.com,police officer
883,Carly,Harday,Carly.Harday@yopmail.com,Carly.Harday@gmail.com,developer
884,Danny,Paine,Danny.Paine@yopmail.com,Danny.Paine@gmail.com,firefighter
885,Mady,Longfellow,Mady.Longfellow@yopmail.com,Mady.Longfellow@gmail.com,firefighter
886,Valeda,Jammal,Valeda.Jammal@yopmail.com,Valeda.Jammal@gmail.com,developer
887,Janenna,Ivens,Janenna.Ivens@yopmail.com,Janenna.Ivens@gmail.com,police officer
888,Hermione,Letsou,Hermione.Letsou@yopmail.com,Hermione.Letsou@gmail.com,worker
889,Mahalia,Annabella,Mahalia.Annabella@yopmail.com,Mahalia.Annabella@gmail.com,firefighter
890,Sissy,Strephon,Sissy.Strephon@yopmail.com,Sissy.Strephon@gmail.com,police officer
891,Alyda,Eugenia,Alyda.Eugenia@yopmail.com,Alyda.Eugenia@gmail.com,firefighter
892,Christal,Bigner,Christal.Bigner@yopmail.com,Christal.Bigner@gmail.com,doctor
893,Tracey,Pillsbury,Tracey.Pillsbury@yopmail.com,Tracey.Pillsbury@gmail.com,doctor
894,Daphne,Gwenore,Daphne.Gwenore@yopmail.com,Daphne.Gwenore@gmail.com,worker
895,Brianna,Anton,Brianna.Anton@yopmail.com,Brianna.Anton@gmail.com,developer
896,Marguerite,Ricarda,Marguerite.Ricarda@yopmail.com,Marguerite.Ricarda@gmail.com,firefighter
897,Ariela,Kauppi,Ariela.Kauppi@yopmail.com,Ariela.Kauppi@gmail.com,firefighter
898,Nariko,Sophronia,Nariko.Sophronia@yopmail.com,Nariko.Sophronia@gmail.com,police officer
899,Cathyleen,My,Cathyleen.My@yopmail.com,Cathyleen.My@gmail.com,doctor
900,Flory,Merriott,Flory.Merriott@yopmail.com,Flory.Merriott@gmail.com,developer
901,Linzy,Norrie,Linzy.Norrie@yopmail.com,Linzy.Norrie@gmail.com,developer
902,Maridel,Anton,Maridel.Anton@yopmail.com,Maridel.Anton@gmail.com,developer
903,Elie,Jess,Elie.Jess@yopmail.com,Elie.Jess@gmail.com,worker
904,Liana,Zetta,Liana.Zetta@yopmail.com,Liana.Zetta@gmail.com,police officer
905,Madeleine,Denis,Madeleine.Denis@yopmail.com,Madeleine.Denis@gmail.com,police officer
906,Taffy,Carri,Taffy.Carri@yopmail.com,Taffy.Carri@gmail.com,doctor
907,Lacie,Ader,Lacie.Ader@yopmail.com,Lacie.Ader@gmail.com,doctor
908,Janenna,Rozanna,Janenna.Rozanna@yopmail.com,Janenna.Rozanna@gmail.com,doctor
909,Peri,Ietta,Peri.Ietta@yopmail.com,Peri.Ietta@gmail.com,firefighter
910,Alie,Pettiford,Alie.Pettiford@yopmail.com,Alie.Pettiford@gmail.com,police officer
911,Jolyn,Han,Jolyn.Han@yopmail.com,Jolyn.Han@gmail.com,worker
912,Edee,Libna,Edee.Libna@yopmail.com,Edee.Libna@gmail.com,police officer
913,Aili,Smitt,Aili.Smitt@yopmail.com,Aili.Smitt@gmail.com,firefighter
914,Halette,Milson,Halette.Milson@yopmail.com,Halette.Milson@gmail.com,police officer
915,Tybie,Sinegold,Tybie.Sinegold@yopmail.com,Tybie.Sinegold@gmail.com,worker
916,Max,Koziara,Max.Koziara@yopmail.com,Max.Koziara@gmail.com,worker
917,Sindee,Tryck,Sindee.Tryck@yopmail.com,Sindee.Tryck@gmail.com,firefighter
918,Ileana,Maples,Ileana.Maples@yopmail.com,Ileana.Maples@gmail.com,firefighter
919,Beatriz,Taima,Beatriz.Taima@yopmail.com,Beatriz.Taima@gmail.com,firefighter
920,Tiffie,Bronk,Tiffie.Bronk@yopmail.com,Tiffie.Bronk@gmail.com,developer
921,Gabi,Winthorpe,Gabi.Winthorpe@yopmail.com,Gabi.Winthorpe@gmail.com,developer
922,Sissy,Erlandson,Sissy.Erlandson@yopmail.com,Sissy.Erlandson@gmail.com,firefighter
923,Gavrielle,Ajay,Gavrielle.Ajay@yopmail.com,Gavrielle.Ajay@gmail.com,firefighter
924,Talya,Yam,Talya.Yam@yopmail.com,Talya.Yam@gmail.com,worker
925,Kore,Sperling,Kore.Sperling@yopmail.com,Kore.Sperling@gmail.com,doctor
926,Pierette,Kolnick,Pierette.Kolnick@yopmail.com,Pierette.Kolnick@gmail.com,developer
927,Jackie,Sasnett,Jackie.Sasnett@yopmail.com,Jackie.Sasnett@gmail.com,firefighter
928,Clary,Poll,Clary.Poll@yopmail.com,Clary.Poll@gmail.com,police officer
929,Paule,Callista,Paule.Callista@yopmail.com,Paule.Callista@gmail.com,firefighter
930,Margette,Gombach,Margette.Gombach@yopmail.com,Margette.Gombach@gmail.com,doctor
931,Alyssa,Knowling,Alyssa.Knowling@yopmail.com,Alyssa.Knowling@gmail.com,developer
932,Lorenza,Hoenack,Lorenza.Hoenack@yopmail.com,Lorenza.Hoenack@gmail.com,firefighter
933,Britte,Gabrielli,Britte.Gabrielli@yopmail.com,Britte.Gabrielli@gmail.com,developer
934,Ingrid,Slifka,Ingrid.Slifka@yopmail.com,Ingrid.Slifka@gmail.com,firefighter
935,Merle,Smitt,Merle.Smitt@yopmail.com,Merle.Smitt@gmail.com,firefighter
936,Robinia,McClimans,Robinia.McClimans@yopmail.com,Robinia.McClimans@gmail.com,developer
937,Blake,Suk,Blake.Suk@yopmail.com,Blake.Suk@gmail.com,police officer
938,Corly,Honoria,Corly.Honoria@yopmail.com,Corly.Honoria@gmail.com,developer
939,Georgina,Cutlerr,Georgina.Cutlerr@yopmail.com,Georgina.Cutlerr@gmail.com,developer
940,Etta,Cimbura,Etta.Cimbura@yopmail.com,Etta.Cimbura@gmail.com,firefighter
941,Alie,Weinreb,Alie.Weinreb@yopmail.com,Alie.Weinreb@gmail.com,police officer
942,Albertina,Abernon,Albertina.Abernon@yopmail.com,Albertina.Abernon@gmail.com,firefighter
943,Eadie,Screens,Eadie.Screens@yopmail.com,Eadie.Screens@gmail.com,worker
944,Rhea,Rosemary,Rhea.Rosemary@yopmail.com,Rhea.Rosemary@gmail.com,doctor
945,Binny,Bonilla,Binny.Bonilla@yopmail.com,Binny.Bonilla@gmail.com,firefighter
946,Celene,Dichy,Celene.Dichy@yopmail.com,Celene.Dichy@gmail.com,developer
947,Dacia,Nisbet,Dacia.Nisbet@yopmail.com,Dacia.Nisbet@gmail.com,worker
948,Isa,Swigart,Isa.Swigart@yopmail.com,Isa.Swigart@gmail.com,doctor
949,Jinny,Demitria,Jinny.Demitria@yopmail.com,Jinny.Demitria@gmail.com,police officer
950,Nickie,Skell,Nickie.Skell@yopmail.com,Nickie.Skell@gmail.com,developer
951,Selia,Ochs,Selia.Ochs@yopmail.com,Selia.Ochs@gmail.com,firefighter
952,Ricky,Serilda,Ricky.Serilda@yopmail.com,Ricky.Serilda@gmail.com,doctor
953,Jaime,Thema,Jaime.Thema@yopmail.com,Jaime.Thema@gmail.com,developer
954,Margalo,Philipp,Margalo.Philipp@yopmail.com,Margalo.Philipp@gmail.com,police officer
955,Nita,Tufts,Nita.Tufts@yopmail.com,Nita.Tufts@gmail.com,police officer
956,Albertina,Lunsford,Albertina.Lunsford@yopmail.com,Albertina.Lunsford@gmail.com,firefighter
957,Dorothy,Bakerman,Dorothy.Bakerman@yopmail.com,Dorothy.Bakerman@gmail.com,police officer
958,Bettine,Blake,Bettine.Blake@yopmail.com,Bettine.Blake@gmail.com,worker
959,Marinna,Jena,Marinna.Jena@yopmail.com,Marinna.Jena@gmail.com,developer
960,Emmey,Garlinda,Emmey.Garlinda@yopmail.com,Emmey.Garlinda@gmail.com,worker
961,Wendi,Sidonius,Wendi.Sidonius@yopmail.com,Wendi.Sidonius@gmail.com,police officer
962,Genevra,Mitzi,Genevra.Mitzi@yopmail.com,Genevra.Mitzi@gmail.com,doctor
963,Adore,Talia,Adore.Talia@yopmail.com,Adore.Talia@gmail.com,doctor
964,Jinny,Chobot,Jinny.Chobot@yopmail.com,Jinny.Chobot@gmail.com,police officer
965,Hettie,Diogenes,Hettie.Diogenes@yopmail.com,Hettie.Diogenes@gmail.com,police officer
966,Chrystel,Corrine,Chrystel.Corrine@yopmail.com,Chrystel.Corrine@gmail.com,firefighter
967,Mamie,Simmonds,Mamie.Simmonds@yopmail.com,Mamie.Simmonds@gmail.com,firefighter
968,Marita,Amand,Marita.Amand@yopmail.com,Marita.Amand@gmail.com,police officer
969,Janey,Slifka,Janey.Slifka@yopmail.com,Janey.Slifka@gmail.com,doctor
970,Sibella,Joeann,Sibella.Joeann@yopmail.com,Sibella.Joeann@gmail.com,developer
971,Aubrie,Bari,Aubrie.Bari@yopmail.com,Aubrie.Bari@gmail.com,doctor
972,Daune,Evangelia,Daune.Evangelia@yopmail.com,Daune.Evangelia@gmail.com,firefighter
973,Aurore,Sisile,Aurore.Sisile@yopmail.com,Aurore.Sisile@gmail.com,police officer
974,Silvana,Flyn,Silvana.Flyn@yopmail.com,Silvana.Flyn@gmail.com,firefighter
975,Cordi,Friede,Cordi.Friede@yopmail.com,Cordi.Friede@gmail.com,developer
976,Jillayne,Cullin,Jillayne.Cullin@yopmail.com,Jillayne.Cullin@gmail.com,worker
977,Sheree,Whittaker,Sheree.Whittaker@yopmail.com,Sheree.Whittaker@gmail.com,worker
978,Ardeen,Odell,Ardeen.Odell@yopmail.com,Ardeen.Odell@gmail.com,worker
979,Margette,Daniele,Margette.Daniele@yopmail.com,Margette.Daniele@gmail.com,developer
980,Briney,Hillel,Briney.Hillel@yopmail.com,Briney.Hillel@gmail.com,developer
981,Feliza,Monk,Feliza.Monk@yopmail.com,Feliza.Monk@gmail.com,worker
982,Collen,Marijo,Collen.Marijo@yopmail.com,Collen.Marijo@gmail.com,worker
983,Rivalee,Shaddock,Rivalee.Shaddock@yopmail.com,Rivalee.Shaddock@gmail.com,developer
984,Daryl,Rese,Daryl.Rese@yopmail.com,Daryl.Rese@gmail.com,developer
985,Aeriela,Thornburg,Aeriela.Thornburg@yopmail.com,Aeriela.Thornburg@gmail.com,police officer
986,Consuela,Hillel,Consuela.Hillel@yopmail.com,Consuela.Hillel@gmail.com,doctor
987,Merrie,An,Merrie.An@yopmail.com,Merrie.An@gmail.com,doctor
988,Marline,Ciro,Marline.Ciro@yopmail.com,Marline.Ciro@gmail.com,police officer
989,Dale,Klemperer,Dale.Klemperer@yopmail.com,Dale.Klemperer@gmail.com,worker
990,Kittie,Pelagias,Kittie.Pelagias@yopmail.com,Kittie.Pelagias@gmail.com,doctor
991,Peri,Mich,Peri.Mich@yopmail.com,Peri.Mich@gmail.com,firefighter
992,Jany,Ethban,Jany.Ethban@yopmail.com,Jany.Ethban@gmail.com,firefighter
993,Suzette,Izaak,Suzette.Izaak@yopmail.com,Suzette.Izaak@gmail.com,developer
994,Abbie,Hermes,Abbie.Hermes@yopmail.com,Abbie.Hermes@gmail.com,developer
995,Pamella,Atcliffe,Pamella.Atcliffe@yopmail.com,Pamella.Atcliffe@gmail.com,developer
996,Kathi,Blisse,Kathi.Blisse@yopmail.com,Kathi.Blisse@gmail.com,doctor
997,Kristina,Urania,Kristina.Urania@yopmail.com,Kristina.Urania@gmail.com,worker
998,Tonia,Ethban,Tonia.Ethban@yopmail.com,Tonia.Ethban@gmail.com,firefighter
999,Rosabelle,Brittani,Rosabelle.Brittani@yopmail.com,Rosabelle.Brittani@gmail.com,doctor
1000,Florencia,Jammal,Florencia.Jammal@yopmail.com,Florencia.Jammal@gmail.com,police officer
1001,Blondelle,Odell,Blondelle.Odell@yopmail.com,Blondelle.Odell@gmail.com,doctor
1002,Maryellen,Beniamino,Maryellen.Beniamino@yopmail.com,Maryellen.Beniamino@gmail.com,worker
1003,Farrah,Blase,Farrah.Blase@yopmail.com,Farrah.Blase@gmail.com,firefighter
1004,Caressa,Mallon,Caressa.Mallon@yopmail.com,Caressa.Mallon@gmail.com,worker
1005,Alisha,Andrel,Alisha.Andrel@yopmail.com,Alisha.Andrel@gmail.com,firefighter
1006,Ricky,Schlosser,Ricky.Schlosser@yopmail.com,Ricky.Schlosser@gmail.com,doctor
1007,Paulita,Nester,Paulita.Nester@yopmail.com,Paulita.Nester@gmail.com,firefighter
1008,Mignon,Markman,Mignon.Markman@yopmail.com,Mignon.Markman@gmail.com,police officer
1009,Jorry,Denis,Jorry.Denis@yopmail.com,Jorry.Denis@gmail.com,doctor
1010,Marcy,Delacourt,Marcy.Delacourt@yopmail.com,Marcy.Delacourt@gmail.com,worker
1011,Mady,Darbie,Mady.Darbie@yopmail.com,Mady.Darbie@gmail.com,doctor
1012,Albertina,Garrison,Albertina.Garrison@yopmail.com,Albertina.Garrison@gmail.com,police officer
1013,Sybille,Cassius,Sybille.Cassius@yopmail.com,Sybille.Cassius@gmail.com,doctor
1014,Harmonia,Killigrew,Harmonia.Killigrew@yopmail.com,Harmonia.Killigrew@gmail.com,doctor
1015,Sibella,Glenden,Sibella.Glenden@yopmail.com,Sibella.Glenden@gmail.com,police officer
1016,Cristine,Cleo,Cristine.Cleo@yopmail.com,Cristine.Cleo@gmail.com,firefighter
1017,Hope,Angelis,Hope.Angelis@yopmail.com,Hope.Angelis@gmail.com,police officer
1018,Suzette,Merell,Suzette.Merell@yopmail.com,Suzette.Merell@gmail.com,firefighter
1019,Anthia,Nahum,Anthia.Nahum@yopmail.com,Anthia.Nahum@gmail.com,worker
1020,Aigneis,Cristi,Aigneis.Cristi@yopmail.com,Aigneis.Cristi@gmail.com,doctor
1021,Gianina,Lubin,Gianina.Lubin@yopmail.com,Gianina.Lubin@gmail.com,firefighter
1022,Wilma,Eliathas,Wilma.Eliathas@yopmail.com,Wilma.Eliathas@gmail.com,developer
1023,Kellen,Emerson,Kellen.Emerson@yopmail.com,Kellen.Emerson@gmail.com,developer
1024,Dorene,Celestine,Dorene.Celestine@yopmail.com,Dorene.Celestine@gmail.com,worker
1025,Clary,Israeli,Clary.Israeli@yopmail.com,Clary.Israeli@gmail.com,firefighter
1026,Keelia,Deny,Keelia.Deny@yopmail.com,Keelia.Deny@gmail.com,firefighter
1027,Philis,Lanita,Philis.Lanita@yopmail.com,Philis.Lanita@gmail.com,police officer
1028,Marcelline,Hortensia,Marcelline.Hortensia@yopmail.com,Marcelline.Hortensia@gmail.com,doctor
1029,Wanda,Chobot,Wanda.Chobot@yopmail.com,Wanda.Chobot@gmail.com,worker
1030,Chickie,Sekofski,Chickie.Sekofski@yopmail.com,Chickie.Sekofski@gmail.com,firefighter
1031,Cam,Havens,Cam.Havens@yopmail.com,Cam.Havens@gmail.com,worker
1032,Vevay,Colyer,Vevay.Colyer@yopmail.com,Vevay.Colyer@gmail.com,doctor
1033,Lynde,Harriman,Lynde.Harriman@yopmail.com,Lynde.Harriman@gmail.com,developer
1034,Blinni,Joseph,Blinni.Joseph@yopmail.com,Blinni.Joseph@gmail.com,developer
1035,Brandise,Seessel,Brandise.Seessel@yopmail.com,Brandise.Seessel@gmail.com,police officer
1036,Alameda,Winthorpe,Alameda.Winthorpe@yopmail.com,Alameda.Winthorpe@gmail.com,developer
1037,Vivia,Gualtiero,Vivia.Gualtiero@yopmail.com,Vivia.Gualtiero@gmail.com,developer
1038,Elsie,Mata,Elsie.Mata@yopmail.com,Elsie.Mata@gmail.com,firefighter
1039,Hildegaard,Neils,Hildegaard.Neils@yopmail.com,Hildegaard.Neils@gmail.com,police officer
1040,Nanete,Leopold,Nanete.Leopold@yopmail.com,Nanete.Leopold@gmail.com,doctor
1041,Elora,Gualtiero,Elora.Gualtiero@yopmail.com,Elora.Gualtiero@gmail.com,worker
1042,Corina,Randene,Corina.Randene@yopmail.com,Corina.Randene@gmail.com,developer
1043,Donnie,Ashely,Donnie.Ashely@yopmail.com,Donnie.Ashely@gmail.com,worker
1044,Kayla,Camden,Kayla.Camden@yopmail.com,Kayla.Camden@gmail.com,worker
1045,Christian,Mata,Christian.Mata@yopmail.com,Christian.Mata@gmail.com,worker
1046,Paulita,Tristram,Paulita.Tristram@yopmail.com,Paulita.Tristram@gmail.com,firefighter
1047,Tera,Kronfeld,Tera.Kronfeld@yopmail.com,Tera.Kronfeld@gmail.com,doctor
1048,Edith,Mich,Edith.Mich@yopmail.com,Edith.Mich@gmail.com,developer
1049,Emmey,Naashom,Emmey.Naashom@yopmail.com,Emmey.Naashom@gmail.com,police officer
1050,Brietta,Persse,Brietta.Persse@yopmail.com,Brietta.Persse@gmail.com,police officer
1051,Sophia,Hartnett,Sophia.Hartnett@yopmail.com,Sophia.Hartnett@gmail.com,firefighter
1052,Chere,Rustice,Chere.Rustice@yopmail.com,Chere.Rustice@gmail.com,firefighter
1053,Laurene,Vittoria,Laurene.Vittoria@yopmail.com,Laurene.Vittoria@gmail.com,police officer
1054,Moyna,Audly,Moyna.Audly@yopmail.com,Moyna.Audly@gmail.com,doctor
1055,Fred,Lacombe,Fred.Lacombe@yopmail.com,Fred.Lacombe@gmail.com,doctor
1056,Kaja,Lorain,Kaja.Lorain@yopmail.com,Kaja.Lorain@gmail.com,police officer
1057,Katleen,Berne,Katleen.Berne@yopmail.com,Katleen.Berne@gmail.com,doctor
1058,Anallese,Nahum,Anallese.Nahum@yopmail.com,Anallese.Nahum@gmail.com,police officer
1059,Brietta,Kosey,Brietta.Kosey@yopmail.com,Brietta.Kosey@gmail.com,police officer
1060,Jessamyn,Chapland,Jessamyn.Chapland@yopmail.com,Jessamyn.Chapland@gmail.com,worker
1061,Cindelyn,Delp,Cindelyn.Delp@yopmail.com,Cindelyn.Delp@gmail.com,developer
1062,Marinna,Si,Marinna.Si@yopmail.com,Marinna.Si@gmail.com,police officer
1063,Mignon,Armanda,Mignon.Armanda@yopmail.com,Mignon.Armanda@gmail.com,developer
1064,Mady,Shanley,Mady.Shanley@yopmail.com,Mady.Shanley@gmail.com,firefighter
1065,Rani,Letsou,Rani.Letsou@yopmail.com,Rani.Letsou@gmail.com,firefighter
1066,Genovera,Mintz,Genovera.Mintz@yopmail.com,Genovera.Mintz@gmail.com,doctor
1067,Philis,Hourigan,Philis.Hourigan@yopmail.com,Philis.Hourigan@gmail.com,developer
1068,Heida,Fosque,Heida.Fosque@yopmail.com,Heida.Fosque@gmail.com,worker
1069,Berget,Lynn,Berget.Lynn@yopmail.com,Berget.Lynn@gmail.com,developer
1070,Doro,Gavrila,Doro.Gavrila@yopmail.com,Doro.Gavrila@gmail.com,police officer
1071,Kore,Sacken,Kore.Sacken@yopmail.com,Kore.Sacken@gmail.com,doctor
1072,Sadie,Hourigan,Sadie.Hourigan@yopmail.com,Sadie.Hourigan@gmail.com,developer
1073,Hettie,Voletta,Hettie.Voletta@yopmail.com,Hettie.Voletta@gmail.com,police officer
1074,Lorne,Cullin,Lorne.Cullin@yopmail.com,Lorne.Cullin@gmail.com,firefighter
1075,Shirlee,Prober,Shirlee.Prober@yopmail.com,Shirlee.Prober@gmail.com,worker
1076,Loree,Thema,Loree.Thema@yopmail.com,Loree.Thema@gmail.com,firefighter
1077,Trudie,Solitta,Trudie.Solitta@yopmail.com,Trudie.Solitta@gmail.com,worker
1078,Celisse,Egbert,Celisse.Egbert@yopmail.com,Celisse.Egbert@gmail.com,firefighter
1079,Cathyleen,Morrill,Cathyleen.Morrill@yopmail.com,Cathyleen.Morrill@gmail.com,worker
1080,Andeee,Bahr,Andeee.Bahr@yopmail.com,Andeee.Bahr@gmail.com,developer
1081,Dode,Gaspard,Dode.Gaspard@yopmail.com,Dode.Gaspard@gmail.com,police officer
1082,Doralynne,Edmund,Doralynne.Edmund@yopmail.com,Doralynne.Edmund@gmail.com,doctor
1083,Leontine,Kamaria,Leontine.Kamaria@yopmail.com,Leontine.Kamaria@gmail.com,police officer
1084,Daryl,Sadowski,Daryl.Sadowski@yopmail.com,Daryl.Sadowski@gmail.com,firefighter
1085,Doralynne,Ingra,Doralynne.Ingra@yopmail.com,Doralynne.Ingra@gmail.com,police officer
1086,Livvyy,Belanger,Livvyy.Belanger@yopmail.com,Livvyy.Belanger@gmail.com,worker
1087,Beatriz,Erich,Beatriz.Erich@yopmail.com,Beatriz.Erich@gmail.com,worker
1088,Selma,Gwenore,Selma.Gwenore@yopmail.com,Selma.Gwenore@gmail.com,worker
1089,Tami,Jobi,Tami.Jobi@yopmail.com,Tami.Jobi@gmail.com,police officer
1090,Krystle,Schalles,Krystle.Schalles@yopmail.com,Krystle.Schalles@gmail.com,firefighter
1091,Judy,Adore,Judy.Adore@yopmail.com,Judy.Adore@gmail.com,police officer
1092,Georgetta,Liva,Georgetta.Liva@yopmail.com,Georgetta.Liva@gmail.com,worker
1093,Dorothy,Ovid,Dorothy.Ovid@yopmail.com,Dorothy.Ovid@gmail.com,developer
1094,Henriette,Bearnard,Henriette.Bearnard@yopmail.com,Henriette.Bearnard@gmail.com,doctor
1095,Sara-Ann,Wu,Sara-Ann.Wu@yopmail.com,Sara-Ann.Wu@gmail.com,firefighter
1096,Bill,Georas,Bill.Georas@yopmail.com,Bill.Georas@gmail.com,police officer
1097,Lucille,Burkle,Lucille.Burkle@yopmail.com,Lucille.Burkle@gmail.com,worker
1098,Roxane,Jefferey,Roxane.Jefferey@yopmail.com,Roxane.Jefferey@gmail.com,doctor
1099,Luci,Monaco,Luci.Monaco@yopmail.com,Luci.Monaco@gmail.com,developer